clip,reference,reference_corrected,reference_source,reviewed_by_akshat
hi_q01,ग्रोग के आई पीउ में फ्रेश इशू कितने का है,ग्रो के आईपीओ में फ्रेश इश्यू कितने का है,asr_draft_large-v3-turbo; corrected_by_claude_code_from_context,
hi_q02,लेंस कार्ट के प्रमोटर कौन है,लेंसकार्ट के प्रमोटर कौन हैं,asr_draft_large-v3-turbo; corrected_by_claude_code_from_context,
hi_q03,मीशो के IPO का रजिस्टरार कौन है?,मीशो के IPO का रजिस्ट्रार कौन है?,asr_draft_large-v3-turbo; corrected_by_claude_code_from_context,
hi_q04,LG Electronics के IPO से कंपनी को कितना पैसा मिलेगा,LG Electronics के IPO से कंपनी को कितना पैसा मिलेगा,asr_draft_large-v3-turbo; corrected_by_claude_code_from_context,
hi_q05,टाटा केपिटल का ओफर प्राइस कितना था?,टाटा कैपिटल का ऑफर प्राइस कितना था?,asr_draft_large-v3-turbo; corrected_by_claude_code_from_context,
hi_q06,फिजिक्स वाला IPO का पैसा किस काम में लगेगा?,फिजिक्स वाला IPO का पैसा किस काम में लगेगा?,asr_draft_large-v3-turbo; corrected_by_claude_code_from_context,
hi_q07,HDB financial के IPO का कुल size कितना है,HDB Financial के IPO का कुल साइज़ कितना है,asr_draft_large-v3-turbo; corrected_by_claude_code_from_context,
hi_q08,एथर एनरजी के एक शेर की फेस वेल्यू कितनी है,एथर एनर्जी के एक शेयर की फेस वैल्यू कितनी है,asr_draft_large-v3-turbo; corrected_by_claude_code_from_context,
hi_q09,अबन कंपनी के लीड मैनेजर कौन कौन है?,अर्बन कंपनी के लीड मैनेजर कौन कौन हैं?,asr_draft_large-v3-turbo; corrected_by_claude_code_from_context,
hi_q10,क्या मुझे Grow का IPO लेना चाहिए?,क्या मुझे Groww का IPO लेना चाहिए?,asr_draft_large-v3-turbo; corrected_by_claude_code_from_context,
