ipo_id,field_id,document,PDF page,status,value (what I read),quote (copied from that page),verified? (Y/N),your correction
ather-energy-2025,fresh_issue_size,RHP,3,present,"₹26,260 MILLION","BY OUR COMPANY AGGREGATING UP TO ₹26,260 MILLION",,
ather-energy-2025,ofs_shares,RHP,3,present,"11,051,746 EQUITY SHARES","OFFER FOR SALE OF UP TO 11,051,746 EQUITY SHARES OF FACE VALUE OF ₹ 1 EACH AGGREGATING TO ₹[●] MILLION",,
ather-energy-2025,ofs_amount,RHP,3,placeholder,₹[●] MILLION,"OFFER FOR SALE OF UP TO 11,051,746 EQUITY SHARES OF FACE VALUE OF ₹ 1 EACH AGGREGATING TO ₹[●] MILLION",,
ather-energy-2025,offer_price,Prospectus,3,present,₹ 321,AT A PRICE OF ₹ 321^ PER EQUITY SHARE,,
ather-energy-2025,price_band,RHP,13,placeholder,₹ [●],The price band ranging from the Floor Price of ₹ [●] per Equity Share,,
ather-energy-2025,total_issue_size,Prospectus,3,present,"₹ 29,808 MILLION","AGGREGATING UP TO ₹ 29,808 MILLION*^",,
ather-energy-2025,face_value,RHP,3,present,₹ 1,EQUITY SHARES OF FACE VALUE OF ₹ 1 EACH,,
ather-energy-2025,book_running_lead_managers,RHP,2,present,Axis Capital Limited | HSBC Securities and Capital Markets (India) Private Limited | JM Financial Limited | Nomura Financial Advisory and Securities (India) Private Limited,BOOK RUNNING LEAD MANAGERS NAME AND LOGO CONTACT TELEPHONE AND E-MAIL PERSON(S) Tel: +91 22 4325 2183 Axis Capital Limited Sagar Jatakiya E-mail: atherenergy.ipo@axiscap.in HSBC Securities and Capital Markets Harsh Thakkar / Tel: +91 22 6864 1289 (India) Private Limited Harshit Tayal E-mail: atheripo@hsbc.co.in Tel: +91 22 6630 3030 JM Financial Limited Prachee Dhuri E-mail: atherenergy.ipo@jmfl.c,,
ather-energy-2025,registrar,RHP,2,present,MUFG Intime India Private Limited,REGISTRAR TO THE OFFER NAME OF REGISTRAR CONTACT PERSON TELEPHONE AND E-MAIL MUFG Intime India Private Limited (Formerly Tel: +91 81 0811 4949 Shanti Gopalkrishnan Link Intime India Private Limited) E-mail: atherenergy.ipo@linkintime.co.in BID/ OFFER PERIOD,,
ather-energy-2025,promoters,RHP,1,present,TARUN SANJAY MEHTA | SWAPNIL BABANLAL JAIN | HERO MOTOCORP LIMITED,"PROMOTERS OF OUR COMPANY: TARUN SANJAY MEHTA, SWAPNIL BABANLAL JAIN AND HERO MOTOCORP LIMITED",,
ather-energy-2025,objects_of_offer,RHP,172,present,"Capital expenditure to be incurred by our Company for establishment of an E2W factory in Maharashtra, India :: 9,272 | Repayment/ pre-payment, in full or part, of certain borrowings availed by our Company :: 400 | Investment in research and development :: 7,500 | Expenditure towards marketing initiatives :: 3,000 | General corporate purposes :: [●]","1. Capital expenditure to be 9,272 7,055 2,217 - incurred by our Company for establishment of an E2W factory in Maharashtra, India 2. Repayment/ pre-payment, in 400 400 - - full or part, of certain borrowings availed by our Company 3. Investment in research and 7,500 2,700 2,650 2,150 development 4. Expenditure towards 3,000 1,500 1,500 - marketing initiatives 5. General corporate purposes(1) [●] ",,
groww-2025,fresh_issue_size,RHP,3,present,"₹10,600.00 MILLION","BY OUR COMPANY AGGREGATING UP TO ₹10,600.00 MILLION",,
groww-2025,ofs_shares,RHP,3,present,"557,230,051 EQUITY SHARES","OFFER FOR SALE OF UP TO 557,230,051 EQUITY SHARES OF FACE VALUE OF ₹2 EACH AGGREGATING UP TO ₹[●] MILLION",,
groww-2025,ofs_amount,RHP,3,placeholder,₹[●] MILLION,"OFFER FOR SALE OF UP TO 557,230,051 EQUITY SHARES OF FACE VALUE OF ₹2 EACH AGGREGATING UP TO ₹[●] MILLION",,
groww-2025,offer_price,Prospectus,3,present,₹100,AT A PRICE OF ₹100 PER EQUITY SHARE,,
groww-2025,price_band,RHP,13,placeholder,₹[●],The price band ranging from the Floor Price of ₹[●] per Equity Share,,
groww-2025,total_issue_size,Prospectus,3,present,"₹66,323.01 MILLION","AGGREGATING TO ₹66,323.01 MILLION",,
groww-2025,face_value,RHP,3,present,₹2,EQUITY SHARES OF FACE VALUE OF ₹2 EACH,,
groww-2025,book_running_lead_managers,RHP,2,present,Kotak Mahindra Capital Company Limited | J.P. Morgan India Private Limited | Citigroup Global Markets India Private Limited | Axis Capital Limited | Motilal Oswal Investment Advisors Limited,BOOK RUNNING LEAD MANAGERS NAME AND LOGO OF THE BOOK RUNNING LEAD MANAGER CONTACT PERSON(S) TELEPHONE AND E-MAIL Kotak Mahindra Capital Tel: +91 22 4336 0000 Ganesh Rane Company Limited E-mail: groww.ipo@kotak.com J.P. Morgan India Private Himanshi Arora/ Rishank Tel: +91 22 6157 3000 Limited Chheda E-mail: groww_ipo@jpmorgan.com Citigroup Global Markets India Tel: +91 22 6175 9999 Jitesh Agarwal ,,
groww-2025,registrar,RHP,2,present,MUFG Intime India Private Limited,REGISTRAR TO THE OFFER NAME OF REGISTRAR CONTACT PERSON TELEPHONE AND E-MAIL MUFG Intime India Private Limited Tel: +91 810 811 4949 Shanti Gopalkrishnan (formerly known as Link Intime India Private Limited) E-mail: groww.ipo@in.mpms.mufg.com BID/ OFFER PERIOD,,
groww-2025,promoters,RHP,1,present,LALIT KESHRE | HARSH JAIN | ISHAN BANSAL | NEERAJ SINGH,"PROMOTERS OF OUR COMPANY: LALIT KESHRE, HARSH JAIN, ISHAN BANSAL AND NEERAJ SINGH",,
groww-2025,objects_of_offer,RHP,151,present,"Expenditure towards cloud infrastructure :: 1,525.00 | Brand building and performance marketing activities :: 2,250.00 | Investment in one of our Material Subsidiaries, GCS, an NBFC, for augmenting its capital base :: 2,050.00 | Investment in one of our Material Subsidiaries, GIT, for funding its MTF business :: 1,675.00 | Funding inorganic growth through unidentified acquisitions and general corporate purposes :: [●]","1. Expenditure towards cloud infrastructure 1,525.00 2. Brand building and performance marketing activities 2,250.00 Investment in one of our Material Subsidiaries, GCS, an NBFC, for augmenting 3. 2,050.00 its capital base 4. Investment in one of our Material Subsidiaries, GIT, for funding its MTF business 1,675.00 Funding inorganic growth through unidentified acquisitions and general 5. [●] corpo",,
hdb-financial-services-2025,fresh_issue_size,RHP,3,present,"₹25,000.0 MILLION","AGGREGATING UP TO ₹25,000.0 MILLION",,
hdb-financial-services-2025,ofs_shares,RHP,3,placeholder,[●] EQUITY SHARES,"AN OFFER FOR SALE OF UP TO [●] EQUITY SHARES OF FACE VALUE OF ₹10 EACH AGGREGATING UP TO ₹100,000.0 MILLION",,
hdb-financial-services-2025,ofs_amount,RHP,3,present,"₹100,000.0 MILLION","AN OFFER FOR SALE OF UP TO [●] EQUITY SHARES OF FACE VALUE OF ₹10 EACH AGGREGATING UP TO ₹100,000.0 MILLION",,
hdb-financial-services-2025,offer_price,Prospectus,3,present,₹740,AT A PRICE OF ₹740 PER EQUITY SHARE,,
hdb-financial-services-2025,price_band,RHP,11,placeholder,₹[●],The price band of a minimum price of ₹[●] per Equity Share,,
hdb-financial-services-2025,total_issue_size,Prospectus,3,present,"₹125,000.0 MILLION","AGGREGATING TO ₹125,000.0 MILLION",,
hdb-financial-services-2025,face_value,RHP,3,present,₹10,EQUITY SHARES OF FACE VALUE OF ₹10 EACH,,
hdb-financial-services-2025,book_running_lead_managers,RHP,2,present,JM Financial Limited | BNP Paribas | BofA Securities India Limited | Goldman Sachs (India) Securities Private Limited | HSBC Securities and Capital Markets (India) Private Limited | IIFL Capital Services Limited | Jefferies India Private Limited | Morgan Stanley India Company Private Limited | Motilal Oswal Investment Advisors Limited | Nomura Financial Advisory and Securities (India) Private Limited | Nuvama Wealth Management Limited | UBS Securities India Private Limited,BOOK RUNNING LEAD MANAGERS NAME AND LOGO OF THE BRLM CONTACT PERSON E-MAIL AND TELEPHONE Prachee Dhuri E-mail: hdbfs.ipo@jmfl.com Tel: +91 22 6630 3030 / 3262 JM Financial Limited Abhirav Patodia E-mail: DL.HDBFS.IPO@bnpparibas.com Tel: +91 22 3370 4000 BNP Paribas Sahil H. Jain E-mail: dg.hdb_financial_services_ipo@bofa.com BofA Securities India Limited Tel: + 91 22 6632 8000 S Saurav E-mail: hdb,,
hdb-financial-services-2025,registrar,RHP,2,present,MUFG Intime India Private Limited,REGISTRAR TO THE OFFER Name of the Registrar Contact person Email and Telephone MUFG Intime India Private Limited Shanti Gopalkrishnan E-mail: hdbfinancial.ipo@linkintime.co.in (Formerly Link Intime India Private Limited) Tel: +91 810 811 4949 BID/OFFER PROGRAMME,,
hdb-financial-services-2025,promoters,RHP,1,present,HDFC BANK LIMITED,PROMOTER: HDFC BANK LIMITED,,
hdb-financial-services-2025,objects_of_offer,RHP,148,present,Augmentation of our Company’s Tier – I Capital base to meet our Company’s future capital requirements including onward lending :: [●],"Augmentation of our Company’s Tier – I [●] 100% [●] Capital base to meet our Company’s future capital requirements including onward lending under any of our Company’s business verticals i.e. Enterprise Lending, Asset Finance and Consumer Finance Total [●] 100%",,
hexaware-technologies-2025,fresh_issue_size,RHP,21,not_in_document,,Our Company will not receive any proceeds from the Offer,,
hexaware-technologies-2025,ofs_shares,RHP,3,placeholder,[●] EQUITY SHARES,"THROUGH AN OFFER FOR SALE OF UP TO [●] EQUITY SHARES OF FACE VALUE OF ₹ 1 EACH AGGREGATING UP TO ₹ 87,500 MILLION",,
hexaware-technologies-2025,ofs_amount,RHP,3,present,"₹ 87,500 MILLION","THROUGH AN OFFER FOR SALE OF UP TO [●] EQUITY SHARES OF FACE VALUE OF ₹ 1 EACH AGGREGATING UP TO ₹ 87,500 MILLION",,
hexaware-technologies-2025,offer_price,Prospectus,3,present,₹ 708,AT A PRICE OF ₹ 708* PER EQUITY SHARE,,
hexaware-technologies-2025,price_band,RHP,11,placeholder,₹ [●],Price band ranging from a Floor Price of ₹ [●] per Equity Share,,
hexaware-technologies-2025,total_issue_size,Prospectus,3,present,"₹ 87,500 MILLION","AGGREGATING TO ₹ 87,500 MILLION^",,
hexaware-technologies-2025,face_value,RHP,3,present,₹ 1,EQUITY SHARES OF FACE VALUE OF ₹ 1 EACH,,
hexaware-technologies-2025,book_running_lead_managers,RHP,1,present,Kotak Mahindra Capital Company Limited | Citigroup Global Markets India Private Limited | J.P. Morgan India Private Limited | HSBC Securities and Capital Markets (India) Private Limited | IIFL Capital Services Limited,BOOK RUNNING LEAD MANAGERS NAME AND LOGO OF THE BRLMs CONTACT PERSON TELEPHONE AND E-MAIL Tel: (+91) 22 4336 0000 E-mail: hexaware.ipo@kotak.com Kotak Mahindra Capital Company Limited Ganesh Rane Tel: (+91) 22 6175 9999 E-mail: hexaware.ipo@citi.com Citigroup Global Markets India Private Limited Karan Singh Hundal Tel: (+ 91) 22 6157 3000 E-mail: J.P. Morgan India Private Limited Himanshi Arora / ,,
hexaware-technologies-2025,registrar,RHP,2,present,KFin Technologies Limited,REGISTRAR TO THE OFFER NAME OF REGISTRAR CONTACT PERSON TELEPHONE AND E-MAIL Tel: (+91) 40 6716 2222 KFin Technologies Limited,,
hexaware-technologies-2025,promoters,RHP,1,present,CA MAGNUM HOLDINGS,PROMOTER: CA MAGNUM HOLDINGS,,
hexaware-technologies-2025,objects_of_offer,RHP,21,not_in_document,,Our Company will not receive any proceeds from the Offer,,
lenskart-2025,fresh_issue_size,RHP,3,present,"₹ 21,500.00 MILLION","AGGREGATING UP TO ₹ 21,500.00 MILLION",,
lenskart-2025,ofs_shares,RHP,3,present,"127,562,573 EQUITY SHARES","OFFER FOR SALE OF UP TO 127,562,573 EQUITY SHARES OF FACE VALUE OF ₹2 EACH, AGGREGATING UP TO ₹ [●] MILLION",,
lenskart-2025,ofs_amount,RHP,3,placeholder,₹ [●] MILLION,"OFFER FOR SALE OF UP TO 127,562,573 EQUITY SHARES OF FACE VALUE OF ₹2 EACH, AGGREGATING UP TO ₹ [●] MILLION",,
lenskart-2025,offer_price,Prospectus,3,present,₹402.00,AT A PRICE OF ₹402.00* PER EQUITY SHARE,,
lenskart-2025,price_band,RHP,16,placeholder,₹[●],The price band ranging from a minimum price of ₹[●] per Equity Share,,
lenskart-2025,total_issue_size,Prospectus,3,present,"₹72,780.15 MILLION","AGGREGATING TO ₹72,780.15^ MILLION",,
lenskart-2025,face_value,RHP,3,present,₹2,EQUITY SHARES OF FACE VALUE OF ₹2 EACH,,
lenskart-2025,book_running_lead_managers,RHP,2,present,Kotak Mahindra Capital Company Limited | Morgan Stanley India Company Private Limited | Avendus Capital Private Limited | Citigroup Global Markets India Private Limited | Axis Capital Limited | Intensive Fiscal Services Private Limited,BOOK RUNNING LEAD MANAGERS NAME AND LOGO OF THE BRLMS CONTACT PERSON TELEPHONE AND E-MAIL Kotak Mahindra E-mail: lenskart.ipo@kotak.com Capital Company Ganesh Rane Tel: +91 22 4336 0000 Limited Morgan Stanley India E-mail: lenskartipo@morganstanley.com Company Private Naresh Tetarwal Tel: +91 22 6118 1000 Limited E-mail: lenskart.ipo@avendus.com Avendus Capital Sarthak Sawa/ Sneha Roy Tel: +91 22 ,,
lenskart-2025,registrar,RHP,2,present,MUFG Intime India Private Limited,REGISTRAR TO THE OFFER CONTACT PERSON TELEPHONE AND E-MAIL MUFG Intime India Shanti Gopalkrishnan E-mail: lenskart.ipo@in.mpms.mufg.com Private Limited Tel: +91 81081 14949 (Formerly Link Intime India Private Limited) BID/ OFFER PERIOD,,
lenskart-2025,promoters,RHP,1,present,PEYUSH BANSAL | NEHA BANSAL | AMIT CHAUDHARY | SUMEET KAPAHI,"PROMOTERS OF OUR COMPANY: PEYUSH BANSAL, NEHA BANSAL, AMIT CHAUDHARY AND SUMEET KAPAHI",,
lenskart-2025,objects_of_offer,RHP,212,present,"Capital expenditure towards set-up of new CoCo stores in India :: 2,726.22 | Expenditure for lease/rent/license agreements related payments for our CoCo stores operated by our Company, in India :: 5,914.40 | Investing in technology and cloud infrastructure :: 2,133.75 | Brand marketing and business promotion expenses for enhancing brand awareness :: 3,200.63 | Unidentified inorganic acquisitions and general corporate purposes :: [●]","(i) Capital expenditure 2,726.22 200.77 801.09 841.15 883.20 towards set-up of new CoCo stores in India (ii) Expenditure for 5,914.40 420.79 1,735.49 1,833.13 1,924.99 lease/rent/license agreements related payments for our CoCo stores operated by our Company, in India (iii) Investing in 2,133.75 164.13 656.54 656.54 656.54 technology and cloud infrastructure (iv) Brand marketing and 3,200.63 246.2",,
lg-electronics-india-2025,fresh_issue_size,RHP,22,not_in_document,,Our Company will not receive any proceeds from the Offer,,
lg-electronics-india-2025,ofs_shares,RHP,3,present,"101,815,859 EQUITY SHARES","OFFER FOR SALE (“THE OFFER”) OF UP TO 101,815,859 EQUITY SHARES OF FACE VALUE OF ₹ 10 EACH AGGREGATING UP TO ₹ [●] MILLION",,
lg-electronics-india-2025,ofs_amount,RHP,3,placeholder,₹ [●] MILLION,"OFFER FOR SALE (“THE OFFER”) OF UP TO 101,815,859 EQUITY SHARES OF FACE VALUE OF ₹ 10 EACH AGGREGATING UP TO ₹ [●] MILLION",,
lg-electronics-india-2025,offer_price,Prospectus,3,present,"₹ 1,140","AT A PRICE OF ₹ 1,140^ PER EQUITY SHARE",,
lg-electronics-india-2025,price_band,RHP,13,placeholder,₹ [●],The price band ranging from the Floor Price of ₹ [●] per Equity Share,,
lg-electronics-india-2025,total_issue_size,Prospectus,3,present,"₹116,047.32 MILLION","AGGREGATING TO ₹116,047.32 MILLION",,
lg-electronics-india-2025,face_value,RHP,3,present,₹ 10,EQUITY SHARES OF FACE VALUE OF ₹ 10 EACH,,
lg-electronics-india-2025,book_running_lead_managers,RHP,1,present,Axis Capital Limited | Citigroup Global Markets India Private Limited | Morgan Stanley India Company Private Limited | J.P. Morgan India Private Limited | BofA Securities India Limited,BOOK RUNNING LEAD MANAGERS NAME OF THE BOOK RUNNING LEAD MANAGER AND CONTACT PERSON(S) TELEPHONE AND E-MAIL LOGO +91 22 4325 2183 Axis Capital Limited Jigar Jain lgindia.ipo@axiscap.in Citigroup Global Markets India +91 22 6175 9999 Sreejesh Pillai / Abhishek Mawandiya Private Limited lgeindiaipo@citi.com Morgan Stanley India Company +91 22 6118 1000 Dhruv Lowe Private Limited lgindiaipo@morgansta,,
lg-electronics-india-2025,registrar,RHP,2,present,KFin Technologies Limited,KFin Technologies Limited M Murali Krishna,,
lg-electronics-india-2025,promoters,RHP,1,present,LG ELECTRONICS INC.,PROMOTER: LG ELECTRONICS INC.,,
lg-electronics-india-2025,objects_of_offer,RHP,22,not_in_document,,Our Company will not receive any proceeds from the Offer,,
meesho-2025,fresh_issue_size,RHP,3,present,"₹ 42,500 MILLION","BY OUR COMPANY AGGREGATING UP TO ₹ 42,500 MILLION",,
meesho-2025,ofs_shares,RHP,3,present,"105,513,839 EQUITY SHARES","OFFER FOR SALE OF UP TO 105,513,839 EQUITY SHARES OF FACE VALUE OF ₹ 1 EACH AGGREGATING TO ₹ [●] MILLION",,
meesho-2025,ofs_amount,RHP,3,placeholder,₹ [●] MILLION,"OFFER FOR SALE OF UP TO 105,513,839 EQUITY SHARES OF FACE VALUE OF ₹ 1 EACH AGGREGATING TO ₹ [●] MILLION",,
meesho-2025,offer_price,Prospectus,3,present,₹ 111,AT A PRICE OF ₹ 111 PER EQUITY SHARE,,
meesho-2025,price_band,RHP,17,placeholder,₹ [●],The price band ranging from the Floor Price of ₹ [●] per Equity Share,,
meesho-2025,total_issue_size,Prospectus,3,present,"₹54,212.04 MILLION","AGGREGATING TO ₹54,212.04 MILLION",,
meesho-2025,face_value,RHP,3,present,₹ 1,EQUITY SHARES OF FACE VALUE OF ₹ 1 EACH,,
meesho-2025,book_running_lead_managers,RHP,2,present,Kotak Mahindra Capital Company Limited | J.P. Morgan India Private Limited | Morgan Stanley India Company Private Limited | Axis Capital Limited | Citigroup Global Markets India Private Limited,BOOK RUNNING LEAD MANAGERS NAME AND LOGO CONTACT PERSON(S) TELEPHONE AND E-MAIL Kotak Mahindra Capital Tel: +91 22 4336 0000 Ganesh Rane Company Limited E-mail: meesho.ipo@kotak.com J.P. Morgan India Private Tel: +91 22 6157 3000 Vidit Jain / Rishank Chheda Limited E-mail: meesho_ipo@jpmorgan.com Morgan Stanley India Tel: +91 22 6118 1011 Naresh Tetarwal Company Private Limited E-mail: meeshoipo@m,,
meesho-2025,registrar,RHP,2,present,KFin Technologies Limited,REGISTRAR TO THE OFFER NAME OF THE REGISTRAR CONTACT PERSON TELEPHONE AND E-MAIL Tel: + 91 40 6716 2222 / 1800 309 4001 KFin Technologies Limited M. Murali Krishna E-mail: meesho.ipo@kfintech.com BID/ OFFER PERIOD,,
meesho-2025,promoters,RHP,1,present,VIDIT AATREY | SANJEEV KUMAR,PROMOTERS OF OUR COMPANY: VIDIT AATREY AND SANJEEV KUMAR,,
meesho-2025,objects_of_offer,RHP,211,present,"Investment for cloud infrastructure, in MTPL, our Subsidiary :: 13,900 | Payment of salaries of our existing and replacement hires for the Machine Learning and AI and technology teams for AI and technology development undertaken by MTPL, our Subsidiary :: 4,800 | Investment in MTPL, our Subsidiary, for expenditure towards marketing and brand initiatives :: 10,200 | Funding inorganic growth through acquisitions and other strategic initiatives and general corporate purposes :: [•]","Particulars Total estimated amount I. Investment for cloud infrastructure, in MTPL, our 13,900 Subsidiary Payment of salaries of our existing and replacement hires for the Machine Learning and AI and technology teams for II. 4,800 AI and technology development undertaken by MTPL, our Subsidiary Investment in MTPL, our Subsidiary, for expenditure III. 10,200 towards marketing and brand initiatives ",,
physicswallah-2025,fresh_issue_size,RHP,3,present,"₹ 31,000.00 MILLION","BY OUR COMPANY AGGREGATING UP TO ₹ 31,000.00 MILLION",,
physicswallah-2025,ofs_shares,RHP,3,placeholder,[●] EQUITY SHARES,"AN OFFER FOR SALE OF [●] EQUITY SHARES OF FACE VALUE OF ₹ 1 EACH AGGREGATING UP TO ₹ 3,800.00 MILLION",,
physicswallah-2025,ofs_amount,RHP,3,present,"₹ 3,800.00 MILLION","AN OFFER FOR SALE OF [●] EQUITY SHARES OF FACE VALUE OF ₹ 1 EACH AGGREGATING UP TO ₹ 3,800.00 MILLION",,
physicswallah-2025,offer_price,Prospectus,3,present,₹ 109,AT A PRICE OF ₹ 109 PER EQUITY SHARE,,
physicswallah-2025,price_band,RHP,14,placeholder,₹ [●],The price band ranging from the Floor Price of ₹ [●] per Equity Share,,
physicswallah-2025,total_issue_size,Prospectus,3,present,"₹ 34,800.00 MILLION","AGGREGATING TO ₹ 34,800.00 MILLION",,
physicswallah-2025,face_value,RHP,3,present,₹ 1,EQUITY SHARES OF FACE VALUE OF ₹ 1 EACH,,
physicswallah-2025,book_running_lead_managers,RHP,2,present,Kotak Mahindra Capital Company Limited | J.P. Morgan India Private Limited | Goldman Sachs (India) Securities Private Limited | Axis Capital Limited,BOOK RUNNING LEAD MANAGERS CONTACT NAME AND LOGO TELEPHONE AND E-MAIL PERSON(S) Kotak Mahindra Capital Ganesh Rane +91 22 4336 0000 Company Limited physicswallah.ipo@kotak.com +91 22 6157 3000 J.P. Morgan India Private Abhijay Kapoor/Rishank PhysicsWallah_IPO@jpmorgan.com Limited Chheda Goldman Sachs (India) Srishti +91 22 6616 9000 Securities Private Limited Srivastava/Suchismita pw-ipo@gs.com Gh,,
physicswallah-2025,registrar,RHP,2,present,MUFG Intime India Private Limited,REGISTRAR TO THE OFFER NAME OF REGISTRAR CONTACT PERSON TELEPHONE AND E-MAIL MUFG Intime India Private Limited (formerly Link +91 810 811 4949 Shanti Gopalkrishnan Intime India Private Limited) physicswallah.ipo@in.mpms.mufg.com BID/ OFFER PERIOD,,
physicswallah-2025,promoters,RHP,1,present,ALAKH PANDEY | PRATEEK BOOB,PROMOTERS OF OUR COMPANY: ALAKH PANDEY AND PRATEEK BOOB,,
physicswallah-2025,objects_of_offer,RHP,163,present,"Capital expenditure for fit-outs of new offline and hybrid centers of our Company :: 4,605.51 | Expenditure towards lease payments of existing identified offline and hybrid centers operated by our Company :: 5,483.08 | Investment in our Subsidiary, Xylem Learning Private Limited :: 471.68 | Investment in our Subsidiary, Utkarsh Classes & Edutech Private Limited for lease payments for existing identified offline centers :: 280.02 | Expenditure towards server and cloud related infrastructure costs :: 2,001.06 | Expenditure towards marketing initiatives :: 7,100.00 | Acquisition of additional shareholding in our Subsidiary, Utkarsh Classes & Edutech Private Limited :: 265.00 | Funding inorganic growth through unidentified acquisitions and general corporate purposes :: [●]","Particulars Total estimated amount Percentage of Net to be utilised out of Net Proceeds (%)* Proceeds (in ₹ million) I. Capital expenditure for fit-outs of new offline 4,605.51 [●] and hybrid centers of our Company II. Expenditure towards lease payments of existing 5,483.08 [●] identified offline and hybrid centers operated by our Company III Investment in our Subsidiary, Xylem Learning 471.68 [●]",,
tata-capital-2025,fresh_issue_size,RHP,3,placeholder,₹ [●] MILLION,"A FRESH ISSUE OF UP TO 210,000,000 EQUITY SHARES OF FACE VALUE OF ₹10 EACH AGGREGATING UP TO ₹ [●] MILLION",,
tata-capital-2025,ofs_shares,RHP,3,present,"265,824,280 EQUITY SHARES","AN OFFER FOR SALE OF UP TO 265,824,280 EQUITY SHARES OF FACE VALUE OF ₹10 EACH AGGREGATING UP TO ₹[●] MILLION",,
tata-capital-2025,ofs_amount,RHP,3,placeholder,₹[●] MILLION,"AN OFFER FOR SALE OF UP TO 265,824,280 EQUITY SHARES OF FACE VALUE OF ₹10 EACH AGGREGATING UP TO ₹[●] MILLION",,
tata-capital-2025,offer_price,Prospectus,3,present,₹326.0,AT A PRICE OF ₹326.0 PER EQUITY SHARE,,
tata-capital-2025,price_band,RHP,13,placeholder,₹[●],Price band ranging from a minimum price of ₹[●] per Equity Share,,
tata-capital-2025,total_issue_size,Prospectus,3,present,"₹155,118.7 MILLION","AGGREGATING TO ₹155,118.7 MILLION",,
tata-capital-2025,face_value,RHP,3,present,₹10,EQUITY SHARES OF FACE VALUE OF ₹10 EACH,,
tata-capital-2025,book_running_lead_managers,RHP,2,present,Kotak Mahindra Capital Company Limited | HSBC Securities and Capital Markets (India) Private Limited | ICICI Securities Limited | Axis Capital Limited | IIFL Capital Services Limited | BNP Paribas | J.P. Morgan India Private Limited | Citigroup Global Markets India Private Limited | HDFC Bank Limited | SBI Capital Markets Limited,BOOK RUNNING LEAD MANAGERS Name of Book Running Lead Contact Email and Telephone Name of Book Running Contact Person Email and Telephone Manager and Logo Person Lead Manager and Logo E-mail: Ganesh Rane tatacapital.ipo@kotak.com; Harsh Thakkar / E-mail: tatacapipo@hsbc.co.in; Kotak Mahindra Capital Tel: +91 22 4336 0000 HSBC Securities and Capital Harshit Tayal Tel: +91 22 6864 1289 Company Limite,,
tata-capital-2025,registrar,RHP,2,present,MUFG Intime India Private Limited,REGISTRAR TO THE OFFER NAME OF THE REGISTRAR CONTACT PERSON EMAIL AND TELEPHONE Shanti Gopalkrishnan E-mail: tatacapital.ipo@in.mpms.mufg.com Tel: + 91 810 811 4949 MUFG Intime India Private Limited (formerly Link Intime India Private Limited) BID/OFFER PERIOD,,
tata-capital-2025,promoters,RHP,1,present,TATA SONS PRIVATE LIMITED,PROMOTER OF OUR COMPANY: TATA SONS PRIVATE LIMITED,,
tata-capital-2025,objects_of_offer,RHP,144,present,Augmentation of our Company’s Tier – I capital base to meet our Company’s future capital requirements including onward lending :: [●],Augmentation of our Company’s Tier – I capital base to meet our Company’s [●] 100.0 future capital requirements including onward lending Total [●] 100.0,,
urban-company-2025,fresh_issue_size,RHP,3,present,"₹ 4,720 MILLION","A FRESH ISSUE OF [●] EQUITY SHARES AGGREGATING UP TO ₹ 4,720 MILLION",,
urban-company-2025,ofs_shares,RHP,3,placeholder,[●] EQUITY SHARES,"AN OFFER FOR SALE OF [●] EQUITY SHARES AGGREGATING UP TO ₹ 14,280 MILLION",,
urban-company-2025,ofs_amount,RHP,3,present,"₹ 14,280 MILLION","AN OFFER FOR SALE OF [●] EQUITY SHARES AGGREGATING UP TO ₹ 14,280 MILLION",,
urban-company-2025,offer_price,Prospectus,3,present,₹103,AT A PRICE OF ₹103^ PER EQUITY SHARE,,
urban-company-2025,price_band,RHP,13,placeholder,₹ [●],The price band of a minimum price of ₹ [●] per Equity Share,,
urban-company-2025,total_issue_size,Prospectus,3,present,"₹ 19,000 MILLION","AGGREGATING TO ₹ 19,000^ MILLION",,
urban-company-2025,face_value,RHP,3,present,₹1,EQUITY SHARES OF FACE VALUE OF ₹1 EACH,,
urban-company-2025,book_running_lead_managers,RHP,3,present,Kotak Mahindra Capital Company Limited | Morgan Stanley India Company Private Limited | Goldman Sachs (India) Securities Private Limited | JM Financial Limited,BOOK RUNNING LEAD MANAGERS REGISTRAR TO THE OFFER Kotak Mahindra Capital Company Limited Morgan Stanley India Company Private Goldman Sachs (India) Securities Private JM Financial Limited,,
urban-company-2025,registrar,RHP,3,present,MUFG Intime India Private Limited,"REGISTRAR TO THE OFFER Kotak Mahindra Capital Company Limited Morgan Stanley India Company Private Goldman Sachs (India) Securities Private JM Financial Limited MUFG Intime India Private Limited 1st Floor, 27 BKC Limited Limited 7th Floor, Cnergy, Appasaheb Marathe (formerly as Link Intime India Private Plot No. C – 27, ‘G’ Block Altimus, Level 39 and 40 9th and 10th Floor, Ascent – Worli, Marg, P",,
urban-company-2025,promoters,RHP,1,present,ABHIRAJ SINGH BHAL | RAGHAV CHANDRA | VARUN KHAITAN,"PROMOTERS OF OUR COMPANY: ABHIRAJ SINGH BHAL, RAGHAV CHANDRA AND VARUN KHAITAN",,
urban-company-2025,objects_of_offer,RHP,164,present,"Expenditure for new technology development and cloud infrastructure :: 1,900.00 | Expenditure for lease payments for our offices :: 750.00 | Expenditure towards marketing activities :: 900.00 | General corporate purposes :: [●]","Particulars funded from Net Net Proceeds in Net Proceeds in Net Proceeds in Proceeds Fiscal 2026 Fiscal 2027 Fiscal 2028 Expenditure for new technology 1,900.00 420.00 740.00 740.00 development and cloud infrastructure Expenditure for lease payments 750.00 170.00 290.00 290.00 for our offices Expenditure towards marketing 900.00 200.00 350.00 350.00 activities General corporate purposes(1) [●] [●]",,
