ipo_id,company,exchange,doc_type,doc_date,listing_date,source_url,sha256,pages,status,reason
jyoti-cnc-automation-2024,Jyoti CNC Automation Limited,both,rhp,2024-01-03,,https://www.sebi.gov.in/filings/public-issues/jan-2024/jyoti-cnc-automation-limited-rhp_80382.html,,,listed,
medi-assist-healthcare-services-2024,Medi Assist Healthcare Services Limited,both,rhp,2024-01-09,,https://www.sebi.gov.in/filings/public-issues/jan-2024/medi-assist-healthcare-services-limited-rhp_80543.html,,,listed,
nova-agritech-2024,Nova Agritech Limited,both,rhp,2024-01-16,,https://www.sebi.gov.in/filings/public-issues/jan-2024/nova-agritech-limited-rhp_80635.html,,,listed,
epack-durable-2024,EPACK Durable Limited,both,rhp,2024-01-17,,https://www.sebi.gov.in/filings/public-issues/jan-2024/epack-durable-limited-rhp_80663.html,,,listed,
bls-e-services-2024,BLS E-Services Limited,both,rhp,2024-01-24,,https://www.sebi.gov.in/filings/public-issues/jan-2024/bls-e-services-limited-rhp_80892.html,,,listed,
rashi-peripherals-2024,Rashi Peripherals Limited,both,rhp,2024-01-31,,https://www.sebi.gov.in/filings/public-issues/jan-2024/rashi-peripherals-limited-rhp_80971.html,,,listed,
jana-small-finance-bank-2024,Jana Small Finance Bank Limited,both,rhp,2024-02-01,,https://www.sebi.gov.in/filings/public-issues/feb-2024/jana-small-finance-bank-limited-rhp_81025.html,,,listed,
apeejay-surrendra-park-hotels-2024,Apeejay Surrendra Park Hotels Limited,both,rhp,2024-02-02,,https://www.sebi.gov.in/filings/public-issues/feb-2024/apeejay-surrendra-park-hotels-limited-rhp_81048.html,,,listed,
capital-small-finance-bank-2024,Capital Small Finance Bank Limited,both,rhp,2024-02-02,,https://www.sebi.gov.in/filings/public-issues/feb-2024/capital-small-finance-bank-limited-rhp_81021.html,,,listed,
entero-healthcare-solutions-2024,Entero Healthcare Solutions Limited,both,rhp,2024-02-07,,https://www.sebi.gov.in/filings/public-issues/feb-2024/entero-healthcare-solutions-limited-rhp_81170.html,,,listed,
vibhor-steel-tubes-2024,Vibhor Steel Tubes Limited,both,rhp,2024-02-07,,https://www.sebi.gov.in/filings/public-issues/feb-2024/vibhor-steel-tubes-limited-rhp_81174.html,,,listed,
juniper-hotels-2024,Juniper Hotels Limited,both,rhp,2024-02-14,,https://www.sebi.gov.in/filings/public-issues/feb-2024/juniper-hotels-limited-rhp_81407.html,,,listed,
gpt-healthcare-2024,GPT Healthcare Limited,both,rhp,2024-02-20,,https://www.sebi.gov.in/filings/public-issues/feb-2024/gpt-healthcare-limited-rhp_81587.html,,,listed,
exicom-tele-systems-2024,Exicom Tele-Systems Limited,both,rhp,2024-02-21,,https://www.sebi.gov.in/filings/public-issues/feb-2024/exicom-tele-systems-limited-rhp_81622.html,,,listed,
platinum-industries-2024,Platinum Industries Limited,both,rhp,2024-02-21,,https://www.sebi.gov.in/filings/public-issues/feb-2024/platinum-industries-limited-rhp_81623.html,,,listed,
mukka-proteins-2024,Mukka Proteins Limited,both,rhp,2024-02-27,,https://www.sebi.gov.in/filings/public-issues/feb-2024/mukka-proteins-limited-rhp_81753.html,,,listed,
r-k-swamy-2024,R K Swamy Limited,both,rhp,2024-02-27,,https://www.sebi.gov.in/filings/public-issues/feb-2024/r-k-swamy-limited-red-herring-prospectus_81766.html,,,listed,
gopal-snacks-2024,Gopal Snacks Limited,both,rhp,2024-02-29,,https://www.sebi.gov.in/filings/public-issues/feb-2024/gopal-snacks-limited-rhp_81842.html,,,listed,
j-g-chemicals-2024,J.G.Chemicals Limited,both,rhp,2024-02-29,,https://www.sebi.gov.in/filings/public-issues/feb-2024/j-g-chemicals-limited-red-herring-prospectus_81836.html,,,listed,
krystal-integrated-services-2024,Krystal Integrated Services Limited,both,rhp,2024-03-05,,https://www.sebi.gov.in/filings/public-issues/mar-2024/krystal-integrated-services-limited-rhp_82069.html,,,listed,
popular-vehicles-and-services-2024,Popular Vehicles and Services Ltd,both,rhp,2024-03-05,,https://www.sebi.gov.in/filings/public-issues/mar-2024/popular-vehicles-and-services-ltd-rhp_82068.html,,,listed,
srm-contractors-2024,SRM Contractors Limited,both,rhp,2024-03-16,,https://www.sebi.gov.in/filings/public-issues/mar-2024/srm-contractors-limited-rhp_82450.html,,,listed,
bharti-hexacom-2024,Bharti Hexacom Limited,both,rhp,2024-03-22,,https://www.sebi.gov.in/filings/public-issues/mar-2024/bharti-hexacom-limited-rhp_82540.html,,,listed,
jnk-india-2024,JNK India Limited,both,rhp,2024-04-15,,https://www.sebi.gov.in/filings/public-issues/apr-2024/jnk-india-limited-rhp_83174.html,,,listed,
vodafone-idea-2024,Vodafone Idea Limited,both,rhp,2024-04-15,,https://www.sebi.gov.in/filings/public-issues/apr-2024/vodafone-idea-limited-rhp_82897.html,,,listed,
aadhar-housing-finance-2024,Aadhar Housing Finance Limited,both,rhp,2024-04-30,,https://www.sebi.gov.in/filings/public-issues/apr-2024/aadhar-housing-finance-limited-rhp_83134.html,,,listed,
indegene-2024,Indegene Limited,both,rhp,2024-05-02,,https://www.sebi.gov.in/filings/public-issues/may-2024/indegene-limited-rhp_83139.html,,,listed,
tbo-tek-2024,TBO Tek Limited,both,rhp,2024-05-02,,https://www.sebi.gov.in/filings/public-issues/may-2024/tbo-tek-limited-rhp_83137.html,,,listed,
go-digit-general-insurance-2024,Go Digit General Insurance Limited,both,rhp,2024-05-08,,https://www.sebi.gov.in/filings/public-issues/may-2024/go-digit-general-insurance-limited-rhp_83281.html,,,listed,
awfis-space-solutions-2024,Awfis Space Solutions Limited,both,rhp,2024-05-14,,https://www.sebi.gov.in/filings/public-issues/may-2024/awfis-space-solutions-limited-rhp_83394.html,,,listed,
go-digit-insurance-2024,Go Digit Insurance Limited,both,prospectus,2024-05-17,,https://www.sebi.gov.in/filings/public-issues/may-2024/go-digit-insurance-limited-prospectus_83458.html,,,listed,
kronox-lab-sciences-2024,Kronox Lab Sciences Limited,both,rhp,2024-05-29,,https://www.sebi.gov.in/filings/public-issues/may-2024/kronox-lab-sciences-limited-rhp_83622.html,,,listed,
dee-development-engineers-2024,DEE Development Engineers Limited,both,rhp,2024-06-12,,https://www.sebi.gov.in/filings/public-issues/jun-2024/dee-development-engineers-limited-rhp_84094.html,,,listed,
stanley-lifestyles-2024,Stanley Lifestyles Limited,both,rhp,2024-06-13,,https://www.sebi.gov.in/filings/public-issues/jun-2024/stanley-lifestyles-limited-rhp_84127.html,,,listed,
akme-fintrade-india-2024,Akme Fintrade India Limited,both,rhp,2024-06-14,,https://www.sebi.gov.in/filings/public-issues/jun-2024/akme-fintrade-india-limited-rhp_84159.html,,,listed,
le-travenues-technology-2024,Le Travenues Technology Limited,both,prospectus,2024-06-19,,https://www.sebi.gov.in/filings/public-issues/jun-2024/le-travenues-technology-limited-prospectus_84308.html,,,listed,
vraj-iron-and-steel-2024,Vraj Iron and Steel Limited,both,rhp,2024-06-19,,https://www.sebi.gov.in/filings/public-issues/jun-2024/vraj-iron-and-steel-limited-rhp_84266.html,,,listed,
emcure-pharmaceuticals-2024,Emcure Pharmaceuticals Limited,both,rhp,2024-06-27,,https://www.sebi.gov.in/filings/public-issues/jun-2024/emcure-pharmaceuticals-limited-rhp_84516.html,,,listed,
bansal-wire-industries-2024,Bansal Wire Industries Limited,both,rhp,2024-06-28,,https://www.sebi.gov.in/filings/public-issues/jun-2024/bansal-wire-industries-limited_84460.html,,,listed,
sanstar-2024,Sanstar Limited,both,rhp,2024-07-15,,https://www.sebi.gov.in/filings/public-issues/jul-2024/sanstar-limited-rhp_84750.html,,,listed,
akums-drugs-and-pharmaceuticals-2024,Akums Drugs and Pharmaceuticals Limited,both,rhp,2024-07-25,,https://www.sebi.gov.in/filings/public-issues/jul-2024/akums-drugs-and-pharmaceuticals-limited-rhp_84970.html,,,listed,
ola-electric-mobility-2024,Ola Electric Mobility Limited,both,rhp,2024-07-26,,https://www.sebi.gov.in/filings/public-issues/jul-2024/ola-electric-mobility-limited-rhp_86238.html,,,listed,
ceigall-india-2024,Ceigall India Limited,both,rhp,2024-07-29,,https://www.sebi.gov.in/filings/public-issues/jul-2024/ceigall-india-limited-rhp_85262.html,,,listed,
unicommerce-esolutions-2024,Unicommerce eSolutions Limited,both,rhp,2024-07-30,,https://www.sebi.gov.in/filings/public-issues/jul-2024/unicommerce-esolutions-limited-rhp_85472.html,,,listed,
saraswati-saree-depot-2024,Saraswati Saree Depot Limited,both,rhp,2024-08-07,,https://www.sebi.gov.in/filings/public-issues/aug-2024/saraswati-saree-depot-limited-rhp_85538.html,,,listed,
brainbees-solutions-2024,Brainbees Solutions Limited,both,rhp,2024-08-09,,https://www.sebi.gov.in/filings/public-issues/aug-2024/brainbees-solutions-limited-rhp_85578.html,,,listed,
interarch-building-products-2024,Interarch Building Products Limited,both,rhp,2024-08-14,,https://www.sebi.gov.in/filings/public-issues/aug-2024/interarch-building-products-limited-rhp_85658.html,,,listed,
ecos-india-mobility-and-hospitality-2024,Ecos India Mobility and Hospitality Limited,both,rhp,2024-08-20,,https://www.sebi.gov.in/filings/public-issues/aug-2024/ecos-india-mobility-and-hospitality-limited-rhp_86002.html,,,listed,
pyramid-technoplast-2024,Pyramid Technoplast Limited,both,prospectus,2024-08-23,,https://www.sebi.gov.in/filings/public-issues/aug-2024/pyramid-technoplast-limited-prospectus_87252.html,,,listed,
orient-technologies-2024,Orient Technologies Limited,both,rhp,2024-08-26,,https://www.sebi.gov.in/filings/public-issues/aug-2024/orient-technologies-limited-rhp_86078.html,,,listed,
premier-energies-2024,Premier Energies Limited,both,rhp,2024-08-26,,https://www.sebi.gov.in/filings/public-issues/aug-2024/premier-energies-limited-rhp_86076.html,,,listed,
baazar-style-retail-2024,Baazar Style Retail Limited,both,rhp,2024-08-28,,https://www.sebi.gov.in/filings/public-issues/aug-2024/baazar-style-retail-limited-rhp_86203.html,,,listed,
gala-precision-engineering-2024,Gala Precision Engineering Ltd,both,rhp,2024-08-28,,https://www.sebi.gov.in/filings/public-issues/aug-2024/gala-precision-engineering-ltd-rhp_86199.html,,,listed,
bajaj-housing-finance-2024,Bajaj Housing Finance Limited,both,rhp,2024-08-30,,https://www.sebi.gov.in/filings/public-issues/aug-2024/bajaj-housing-finance-limited-rhp_86381.html,,,listed,
shree-tirupati-balajee-agro-trading-company-2024,Shree Tirupati Balajee Agro Trading Company Limited,both,rhp,2024-08-31,,https://www.sebi.gov.in/filings/public-issues/aug-2024/shree-tirupati-balajee-agro-trading-company-limited-rhp_86384.html,,,listed,
kross-2024,Kross Limited,both,rhp,2024-09-02,,https://www.sebi.gov.in/filings/public-issues/sep-2024/kross-limited-rhp_86406.html,,,listed,
tolins-tyres-2024,Tolins Tyres Limited,both,rhp,2024-09-03,,https://www.sebi.gov.in/filings/public-issues/sep-2024/tolins-tyres-limited-rhp_86403.html,,,listed,
western-carriers-india-2024,Western Carriers (India) Limited,both,rhp,2024-09-07,,https://www.sebi.gov.in/filings/public-issues/sep-2024/western-carriers-india-limited-rhp_86645.html,,,listed,
p-n-gadgil-jewellers-2024,P N Gadgil Jewellers Limited,both,rhp,2024-09-11,,https://www.sebi.gov.in/filings/public-issues/sep-2024/p-n-gadgil-jewellers-limited-rhp_86571.html,,,listed,
krn-heat-exchanger-and-refrigeration-2024,KRN Heat Exchanger and Refrigeration Limited,both,rhp,2024-09-16,,https://www.sebi.gov.in/filings/public-issues/sep-2024/krn-heat-exchanger-and-refrigeration-limited-rhp_86708.html,,,listed,
manba-finance-2024,Manba Finance Limited,both,rhp,2024-09-16,,https://www.sebi.gov.in/filings/public-issues/sep-2024/manba-finance-limited-rhp_86780.html,,,listed,
arkade-developers-2024,Arkade Developers Limited,both,prospectus,2024-09-20,,https://www.sebi.gov.in/filings/public-issues/sep-2024/arkade-developers-limited-prospectus_87235.html,,,listed,
diffusion-engineers-2024,Diffusion Engineers Limited,both,rhp,2024-09-23,,https://www.sebi.gov.in/filings/public-issues/sep-2024/diffusion-engineers-limited-rhp_86920.html,,,listed,
garuda-construction-and-engineering-2024,Garuda Construction and Engineering Limited,both,rhp,2024-10-01,,https://www.sebi.gov.in/filings/public-issues/oct-2024/garuda-construction-and-engineering-limited-rhp_87190.html,,,listed,
hyundai-motor-india-2024,Hyundai Motor India Limited,both,rhp,2024-10-14,,https://www.sebi.gov.in/filings/public-issues/oct-2024/hyundai-motor-india-limited-rhp_87531.html,,,listed,
waaree-energies-2024,Waaree Energies Limited,both,rhp,2024-10-14,,https://www.sebi.gov.in/filings/public-issues/oct-2024/waaree-energies-limited-rhp_87562.html,,,listed,
deepak-builders-and-engineers-india-2024,Deepak Builders and Engineers India Limited,both,rhp,2024-10-15,,https://www.sebi.gov.in/filings/public-issues/oct-2024/deepak-builders-and-engineers-india-limited-rhp_87578.html,,,listed,
godavari-biorefineries-2024,Godavari Biorefineries Limited,both,rhp,2024-10-17,,https://www.sebi.gov.in/filings/public-issues/oct-2024/godavari-biorefineries-limited-rhp_87745.html,,,listed,
afcons-infrastructure-2024,Afcons Infrastructure Limited,both,rhp,2024-10-24,,https://www.sebi.gov.in/filings/public-issues/oct-2024/afcons-infrastructure-limited-rhp_87927.html,,,listed,
swiggy-2024,Swiggy Limited,both,rhp,2024-10-28,,https://www.sebi.gov.in/filings/public-issues/oct-2024/swiggy-limited-rhp_88045.html,,,listed,
acme-solar-holdings-2024,Acme Solar Holdings Limited,both,rhp,2024-10-29,,https://www.sebi.gov.in/filings/public-issues/oct-2024/acme-solar-holdings-limited-rhp_88116.html,,,listed,
sagility-india-2024,Sagility India Limited,both,rhp,2024-10-30,,https://www.sebi.gov.in/filings/public-issues/oct-2024/sagility-india-limited-rhp_88101.html,,,listed,
niva-bupa-health-insurance-company-2024,Niva Bupa Health Insurance Company Limited,both,rhp,2024-11-04,,https://www.sebi.gov.in/filings/public-issues/nov-2024/niva-bupa-health-insurance-company-limited-rhp_88189.html,,,listed,
zinka-logistics-solutions-2024,Zinka Logistics Solutions Limited,both,rhp,2024-11-08,,https://www.sebi.gov.in/filings/public-issues/nov-2024/zinka-logistics-solutions-limited-rhp_88393.html,,,listed,
ntpc-green-energy-2024,NTPC Green Energy Limited,both,rhp,2024-11-13,,https://www.sebi.gov.in/filings/public-issues/nov-2024/ntpc-green-energy-limited-rhp_88431.html,,,listed,
enviro-infra-engineers-2024,Enviro Infra Engineers Limited,both,rhp,2024-11-17,,https://www.sebi.gov.in/filings/public-issues/nov-2024/enviro-infra-engineers-limited-rhp_89341.html,,,listed,
suraksha-diagnostic-2024,Suraksha Diagnostic Limited,both,rhp,2024-11-25,,https://www.sebi.gov.in/filings/public-issues/nov-2024/suraksha-diagnostic-limited-rhp_88772.html,,,listed,
vishal-mega-mart-2024,Vishal Mega Mart,both,rhp,2024-12-04,,https://www.sebi.gov.in/filings/public-issues/dec-2024/vishal-mega-mart-red-herring-prospectus_89311.html,,,listed,
inventurus-knowledge-solutions-2024,Inventurus Knowledge Solutions Limited,both,rhp,2024-12-06,,https://www.sebi.gov.in/filings/public-issues/dec-2024/inventurus-knowledge-solutions-limited-rhp_89354.html,,,listed,
sai-life-sciences-2024,Sai Life Sciences Limited,both,rhp,2024-12-06,,https://www.sebi.gov.in/filings/public-issues/dec-2024/sai-life-sciences-limited-rhp_89347.html,,,listed,
international-gemmological-institute-india-2024,International Gemmological Institute (India) Limited,both,rhp,2024-12-09,,https://www.sebi.gov.in/filings/public-issues/dec-2024/international-gemmological-institute-india-limited-rhp_90049.html,,,listed,
transrail-lighting-2024,Transrail Lighting Limited,both,rhp,2024-12-11,,https://www.sebi.gov.in/filings/public-issues/dec-2024/transrail-lighting-limited-rhp_89478.html,,,listed,
mamata-machinery-2024,Mamata Machinery Limited,both,rhp,2024-12-13,,https://www.sebi.gov.in/filings/public-issues/dec-2024/mamata-machinery-limited-rhp_89832.html,,,listed,
ventive-hospitality-2024,Ventive Hospitality Limited,both,rhp,2024-12-14,,https://www.sebi.gov.in/filings/public-issues/dec-2024/ventive-hospitality-limited-rhp_89974.html,,,listed,
concord-enviro-systems-2024,Concord Enviro Systems Limited,both,rhp,2024-12-16,,https://www.sebi.gov.in/filings/public-issues/dec-2024/concord-enviro-systems-limited-rhp_89957.html,,,listed,
one-mobikwik-systems-2024,ONE MOBIKWIK SYSTEMS LIMITED,both,prospectus,2024-12-16,,https://www.sebi.gov.in/filings/public-issues/dec-2024/one-mobikwik-systems-limited-prospectus_89959.html,,,listed,
sanathan-textiles-2024,Sanathan Textiles Limited,both,rhp,2024-12-16,,https://www.sebi.gov.in/filings/public-issues/dec-2024/sanathan-textiles-limited-rhp_89960.html,,,listed,
senores-pharmaceuticals-2024,Senores Pharmaceuticals Limited,both,rhp,2024-12-16,,https://www.sebi.gov.in/filings/public-issues/dec-2024/senores-pharmaceuticals-limited-rhp_89951.html,,,listed,
carraro-india-2024,Carraro India Limited,both,rhp,2024-12-17,,https://www.sebi.gov.in/filings/public-issues/dec-2024/carraro-india-limited-rhp_91765.html,,,listed,
unimech-aerospace-and-manufacturing-2024,Unimech Aerospace and Manufacturing Limited,both,rhp,2024-12-17,,https://www.sebi.gov.in/filings/public-issues/dec-2024/unimech-aerospace-and-manufacturing-limited-rhp_89989.html,,,listed,
dam-capital-advisors-2024,DAM Capital Advisors Limited,both,rhp,2024-12-18,,https://www.sebi.gov.in/filings/public-issues/dec-2024/dam-capital-advisors-limited-rhp_90015.html,,,listed,
indo-farm-equipment-2024,Indo Farm Equipment Limited,both,rhp,2024-12-23,,https://www.sebi.gov.in/filings/public-issues/dec-2024/indo-farm-equipment-limited-rhp_90121.html,,,listed,
quadrant-future-tek-2024,Quadrant Future Tek Limited,both,rhp,2024-12-30,,https://www.sebi.gov.in/filings/public-issues/dec-2024/quadrant-future-tek-limited-rhp_90707.html,,,listed,
standard-glass-lining-technology-2024,Standard Glass Lining Technology Limited,both,rhp,2024-12-30,,https://www.sebi.gov.in/filings/public-issues/dec-2024/standard-glass-lining-technology-limited-rhp_90399.html,,,listed,
laxmi-dental-2025,Laxmi Dental Limited,both,rhp,2025-01-07,,https://www.sebi.gov.in/filings/public-issues/jan-2025/laxmi-dental-limited-rhp_90604.html,,,listed,
stallion-india-fluorochemicals-2025,Stallion India Fluorochemicals Limited,both,rhp,2025-01-13,,https://www.sebi.gov.in/filings/public-issues/jan-2025/stallion-india-fluorochemicals-limited-rhp_90745.html,,,listed,
denta-water-and-infra-solutions-2025,Denta Water and Infra Solutions Limited,both,rhp,2025-01-17,,https://www.sebi.gov.in/filings/public-issues/jan-2025/denta-water-and-infra-solutions-limited-rhp_90910.html,,,listed,
dr-agarwal-s-healthcare-2025,Dr. Agarwal's Healthcare Limited,both,rhp,2025-01-23,,https://www.sebi.gov.in/filings/public-issues/jan-2025/dr-agarwal-s-healthcare-limited-rhp_91170.html,,,listed,
ajax-engineering-2025,Ajax Engineering Ltd,both,rhp,2025-02-05,,https://www.sebi.gov.in/filings/public-issues/feb-2025/ajax-engineering-ltd-rhp_91647.html,,,listed,
hexaware-technologies-2025,Hexaware Technologies,both,rhp,2025-02-06,,https://www.sebi.gov.in/filings/public-issues/feb-2025/hexaware-technologies-red-herring-prospectus_92993.html,,,listed,
quality-power-electrical-equipments-2025,Quality Power Electrical Equipments Limited,both,rhp,2025-02-06,,https://www.sebi.gov.in/filings/public-issues/feb-2025/quality-power-electrical-equipments-limited-rhp_91767.html,,,listed,
ather-energy-2025,Ather Energy Limited,both,rhp,2025-04-23,,https://www.sebi.gov.in/filings/public-issues/apr-2025/ather-energy-limited-rhp_93554.html,,,listed,
belrise-industries-2025,Belrise Industries Limited,both,rhp,2025-05-15,,https://www.sebi.gov.in/filings/public-issues/may-2025/belrise-industries-limited-rhp_94094.html,,,listed,
aegis-vopak-terminals-2025,AEGIS VOPAK TERMINALS LIMITED,both,rhp,2025-05-20,,https://www.sebi.gov.in/filings/public-issues/may-2025/aegis-vopak-terminals-limited-rhp_94080.html,,,listed,
borana-weaves-2025,Borana Weaves Limited,both,rhp,2025-05-20,,https://www.sebi.gov.in/filings/public-issues/may-2025/borana-weaves-limited-rhp_94060.html,,,listed,
prostarm-info-systems-2025,Prostarm Info Systems Limited,both,rhp,2025-05-20,,https://www.sebi.gov.in/filings/public-issues/may-2025/prostarm-info-systems-limited-rhp_94084.html,,,listed,
schloss-bangalore-2025,Schloss Bangalore Limited,both,rhp,2025-05-20,,https://www.sebi.gov.in/filings/public-issues/may-2025/schloss-bangalore-limited-rhp_94063.html,,,listed,
scoda-tubes-2025,Scoda Tubes Limited,both,rhp,2025-05-23,,https://www.sebi.gov.in/filings/public-issues/may-2025/scoda-tubes-limited-rhp_94133.html,,,listed,
oswal-pumps-2025,Oswal Pumps Limited,both,rhp,2025-06-09,,https://www.sebi.gov.in/filings/public-issues/jun-2025/oswal-pumps-limited-rhp_94507.html,,,listed,
arisinfra-solutions-2025,Arisinfra Solutions Limited,both,rhp,2025-06-12,,https://www.sebi.gov.in/filings/public-issues/jun-2025/arisinfra-solutions-limited-rhp_94545.html,,,listed,
globe-civil-projects-2025,Globe Civil Projects Limited,both,rhp,2025-06-16,,https://www.sebi.gov.in/filings/public-issues/jun-2025/globe-civil-projects-limited-rhp_94642.html,,,listed,
ellenbarrie-industrial-gases-2025,Ellenbarrie Industrial Gases Limited,both,rhp,2025-06-18,,https://www.sebi.gov.in/filings/public-issues/jun-2025/ellenbarrie-industrial-gases-limited-rhp_95673.html,,,listed,
kalpataru-2025,Kalpataru Limited,both,rhp,2025-06-19,,https://www.sebi.gov.in/filings/public-issues/jun-2025/kalpataru-limited-rhp_94679.html,,,listed,
hdb-financial-services-2025,HDB Financial Services Limited,both,rhp,2025-06-20,,https://www.sebi.gov.in/filings/public-issues/jun-2025/hdb-financial-services-limited-rhp_94689.html,,,listed,
sambhv-steel-tubes-2025,Sambhv Steel Tubes Limited,both,rhp,2025-06-20,,https://www.sebi.gov.in/filings/public-issues/jun-2025/sambhv-steel-tubes-limited-rhp_94680.html,,,listed,
travel-food-services-2025,Travel Food Services Limited,both,rhp,2025-07-02,,https://www.sebi.gov.in/filings/public-issues/jul-2025/travel-food-services-limited-rhp_95127.html,,,listed,
smartworks-coworking-spaces-2025,Smartworks Coworking Spaces Limited,both,rhp,2025-07-07,,https://www.sebi.gov.in/filings/public-issues/jul-2025/smartworks-coworking-spaces-limited-rhp_95069.html,,,listed,
anthem-biosciences-2025,Anthem Biosciences Limited,both,rhp,2025-07-09,,https://www.sebi.gov.in/filings/public-issues/jul-2025/anthem-biosciences-limited-rhp_95139.html,,,listed,
crizac-2025,Crizac Limited,both,rhp,2025-07-09,,https://www.sebi.gov.in/filings/public-issues/jul-2025/crizac-limited-rhp_95138.html,,,listed,
indogulf-cropsciences-2025,INDOGULF CROPSCIENCES LIMITED,both,rhp,2025-07-10,,https://www.sebi.gov.in/filings/public-issues/jul-2025/indogulf-cropsciences-limited-rhp_95185.html,,,listed,
shanti-gold-international-2025,Shanti Gold International Limited,both,rhp,2025-07-17,,https://www.sebi.gov.in/filings/public-issues/jul-2025/shanti-gold-international-limited-rhp_95565.html,,,listed,
gng-electronics-2025,GNG Electronics Limited,both,rhp,2025-07-18,,https://www.sebi.gov.in/filings/public-issues/jul-2025/gng-electronics-limited-rhp_95435.html,,,listed,
laxmi-india-finance-2025,Laxmi India Finance Limited,both,rhp,2025-07-22,,https://www.sebi.gov.in/filings/public-issues/jul-2025/laxmi-india-finance-limited-rhp_95526.html,,,listed,
aditya-infotech-2025,Aditya Infotech Limited,both,rhp,2025-07-23,,https://www.sebi.gov.in/filings/public-issues/jul-2025/aditya-infotech-limited-rhp_95674.html,,,listed,
brigade-hotel-ventures-2025,Brigade Hotel Ventures Limited,both,rhp,2025-07-25,,https://www.sebi.gov.in/filings/public-issues/jul-2025/brigade-hotel-ventures-limited-rhp_95620.html,,,listed,
highway-infrastructure-2025,Highway Infrastructure Limited,both,rhp,2025-07-25,,https://www.sebi.gov.in/filings/public-issues/jul-2025/highway-infrastructure-limited-rhp_95618.html,,,listed,
indiqube-spaces-2025,Indiqube Spaces Limited,both,rhp,2025-07-25,,https://www.sebi.gov.in/filings/public-issues/jul-2025/indiqube-spaces-limited-rhp_95623.html,,,listed,
m-b-engineering-2025,M&B Engineering Limited,both,rhp,2025-07-25,,https://www.sebi.gov.in/filings/public-issues/jul-2025/mandb-engineering-limited-rhp_95585.html,,,listed,
national-securities-depository-2025,National Securities Depository Limited,both,rhp,2025-07-25,,https://www.sebi.gov.in/filings/public-issues/jul-2025/national-securities-depository-limited-rhp_95614.html,,,listed,
all-time-plastics-2025,All Time Plastics Limited,both,rhp,2025-08-01,,https://www.sebi.gov.in/filings/public-issues/aug-2025/all-time-plastics-limited-rhp_95805.html,,,listed,
jsw-cement-2025,JSW Cement Limited,both,rhp,2025-08-02,,https://www.sebi.gov.in/filings/public-issues/aug-2025/jsw-cement-limited-rhp_95804.html,,,listed,
bluestone-jewellery-and-lifestyle-2025,Bluestone Jewellery and Lifestyle Limited,both,rhp,2025-08-06,,https://www.sebi.gov.in/filings/public-issues/aug-2025/bluestone-jewellery-and-lifestyle-limited-rhp_95849.html,,,listed,
shreeji-shipping-global-limited-2025,Shreeji Shipping Global Limited Limited,both,rhp,2025-08-06,,https://www.sebi.gov.in/filings/public-issues/aug-2025/shreeji-shipping-global-limited-limited-rhp_96205.html,,,listed,
regaal-resources-2025,Regaal Resources Limited,both,rhp,2025-08-07,,https://www.sebi.gov.in/filings/public-issues/aug-2025/regaal-resources-limited-rhp_95894.html,,,listed,
patel-retail-2025,Patel Retail Limited,both,rhp,2025-08-08,,https://www.sebi.gov.in/filings/public-issues/aug-2025/patel-retail-limited-rhp_95942.html,,,listed,
gem-aromatics-2025,Gem Aromatics Limited,both,rhp,2025-08-12,,https://www.sebi.gov.in/filings/public-issues/aug-2025/gem-aromatics-limited-rhp_96063.html,,,listed,
vikram-solar-2025,Vikram Solar Limited,both,rhp,2025-08-13,,https://www.sebi.gov.in/filings/public-issues/aug-2025/vikram-solar-limited-rhp_96054.html,,,listed,
vikran-engineering-2025,Vikran Engineering Limited,both,rhp,2025-08-19,,https://www.sebi.gov.in/filings/public-issues/aug-2025/vikran-engineering-limited-rhp_96174.html,,,listed,
mangal-electrical-industries-2025,Mangal Electrical Industries Limited,both,rhp,2025-08-20,,https://www.sebi.gov.in/filings/public-issues/aug-2025/mangal-electrical-industries-limited-rhp_96149.html,,,listed,
anlon-healthcare-2025,Anlon Healthcare Limited,both,rhp,2025-08-22,,https://www.sebi.gov.in/filings/public-issues/aug-2025/anlon-healthcare-limited-rhp_96196.html,,,listed,
shringar-house-of-mangalsutra-2025,Shringar House of Mangalsutra Limited,both,rhp,2025-09-02,,https://www.sebi.gov.in/filings/public-issues/sep-2025/shringar-house-of-mangalsutra-limited-rhp_96477.html,,,listed,
dev-accelerator-2025,Dev Accelerator Limited,both,rhp,2025-09-04,,https://www.sebi.gov.in/filings/public-issues/sep-2025/dev-accelerator-limited-rhp_96412.html,,,listed,
euro-pratik-sales-2025,Euro Pratik Sales Limited,both,rhp,2025-09-09,,https://www.sebi.gov.in/filings/public-issues/sep-2025/euro-pratik-sales-limited-rhp_96474.html,,,listed,
urban-company-2025,Urban Company Limited,both,rhp,2025-09-09,,https://www.sebi.gov.in/filings/public-issues/sep-2025/urban-company-limited-rhp_96511.html,,,listed,
vigor-plast-india-2025,Vigor Plast India Limited,both,rhp,2025-09-09,,https://www.sebi.gov.in/filings/public-issues/sep-2025/vigor-plast-india-limited-rhp_96475.html,,,listed,
vms-tmt-2025,VMS TMT Limited,both,rhp,2025-09-11,,https://www.sebi.gov.in/filings/public-issues/sep-2025/vms-tmt-limited-rhp_96582.html,,,listed,
ivalue-infosolutions-2025,Ivalue Infosolutions Limited,both,rhp,2025-09-15,,https://www.sebi.gov.in/filings/public-issues/sep-2025/ivalue-infosolutions-limited-rhp_96625.html,,,listed,
ganesh-consumer-products-2025,Ganesh Consumer Products Limited,both,rhp,2025-09-16,,https://www.sebi.gov.in/filings/public-issues/sep-2025/ganesh-consumer-products-limited-rhp_96738.html,,,listed,
gk-energy-2025,GK Energy Limited,both,rhp,2025-09-16,,https://www.sebi.gov.in/filings/public-issues/sep-2025/gk-energy-limited-rhp_96636.html,,,listed,
jinkushal-industries-2025,Jinkushal Industries Limited,both,rhp,2025-09-16,,https://www.sebi.gov.in/filings/public-issues/sep-2025/jinkushal-industries-limited-rhp_96623.html,,,listed,
saatvik-green-energy-2025,Saatvik Green Energy Limited,both,rhp,2025-09-16,,https://www.sebi.gov.in/filings/public-issues/sep-2025/saatvik-green-energy-limited-rhp_96688.html,,,listed,
seshaasai-technologies-2025,Seshaasai Technologies Limited,both,rhp,2025-09-16,,https://www.sebi.gov.in/filings/public-issues/sep-2025/seshaasai-technologies-limited-rhp_96761.html,,,listed,
advance-agrolife-2025,Advance Agrolife Limited,both,rhp,2025-09-18,,https://www.sebi.gov.in/filings/public-issues/sep-2025/advance-agrolife-limited-rhp_96735.html,,,listed,
bmw-ventures-2025,BMW Ventures Limited,both,rhp,2025-09-18,,https://www.sebi.gov.in/filings/public-issues/sep-2025/bmw-ventures-limited-rhp_96741.html,,,listed,
jain-resource-recycling-2025,Jain Resource Recycling Limited,both,rhp,2025-09-18,,https://www.sebi.gov.in/filings/public-issues/sep-2025/jain-resource-recycling-limited-rhp_96687.html,,,listed,
jaro-institute-of-technology-management-and-research-2025,Jaro Institute of Technology Management and Research Limited,both,rhp,2025-09-18,,https://www.sebi.gov.in/filings/public-issues/sep-2025/jaro-institute-of-technology-management-and-research-limited-rhp_98099.html,,,listed,
gurunanak-agriculture-india-2025,Gurunanak Agriculture India Limited,both,prospectus,2025-09-19,,https://www.sebi.gov.in/filings/public-issues/sep-2025/gurunanak-agriculture-india-limited-prospectus_96740.html,,,listed,
om-freight-forwarders-2025,Om Freight Forwarders Limited,both,rhp,2025-09-22,,https://www.sebi.gov.in/filings/public-issues/sep-2025/om-freight-forwarders-limited-rhp_96953.html,,,listed,
pace-digitek-2025,Pace Digitek Limited,both,rhp,2025-09-22,,https://www.sebi.gov.in/filings/public-issues/sep-2025/pace-digitek-limited-rhp_96742.html,,,listed,
trualt-bioenergy-2025,TruAlt Bioenergy Limited,both,rhp,2025-09-22,,https://www.sebi.gov.in/filings/public-issues/sep-2025/trualt-bioenergy-limited-rhp_96954.html,,,listed,
airfloa-rail-technology-2025,Airfloa Rail Technology Limited,both,prospectus,2025-09-23,,https://www.sebi.gov.in/filings/public-issues/sep-2025/airfloa-rail-technology-limited-prospectus_96778.html,,,listed,
taurian-mps-2025,Taurian MPS Limited,both,prospectus,2025-09-23,,https://www.sebi.gov.in/filings/public-issues/sep-2025/taurian-mps-limited-prospectus_96777.html,,,listed,
fabtech-technologies-2025,Fabtech Technologies Limited,both,rhp,2025-09-24,,https://www.sebi.gov.in/filings/public-issues/sep-2025/fabtech-technologies-limited-rhp_96956.html,,,listed,
glottis-2025,Glottis Limited,both,rhp,2025-09-24,,https://www.sebi.gov.in/filings/public-issues/sep-2025/glottis-limited-rhp_96944.html,,,listed,
tata-capital-2025,Tata Capital Limited,both,rhp,2025-09-26,,https://www.sebi.gov.in/filings/public-issues/sep-2025/tata-capital-limited-rhp_96899.html,,,listed,
wework-india-management-2025,WeWork India Management Limited,both,rhp,2025-09-29,,https://www.sebi.gov.in/filings/public-issues/sep-2025/wework-india-management-limited-rhp_96907.html,,,listed,
lg-electronics-india-2025,LG Electronics India Limited,both,rhp,2025-09-30,,https://www.sebi.gov.in/filings/public-issues/sep-2025/lg-electronics-india-limited-rhp_97030.html,,,listed,
rubicon-research-2025,Rubicon Research Limited,both,rhp,2025-10-07,,https://www.sebi.gov.in/filings/public-issues/oct-2025/rubicon-research-limited-rhp_97101.html,,,listed,
solarworld-energy-solutions-2025,Solarworld Energy Solutions Limited,both,rhp,2025-10-07,,https://www.sebi.gov.in/filings/public-issues/oct-2025/solarworld-energy-solutions-limited-rhp_97095.html,,,listed,
canara-hsbc-life-insurance-company-2025,Canara HSBC Life Insurance Company Limited,both,rhp,2025-10-08,,https://www.sebi.gov.in/filings/public-issues/oct-2025/canara-hsbc-life-insurance-company-limited-rhp_97113.html,,,listed,
canara-robeco-asset-management-company-2025,Canara Robeco Asset Management Company Limited,both,rhp,2025-10-09,,https://www.sebi.gov.in/filings/public-issues/oct-2025/canara-robeco-asset-management-company-limited-rhp_97186.html,,,listed,
midwest-2025,Midwest Limited,both,rhp,2025-10-10,,https://www.sebi.gov.in/filings/public-issues/oct-2025/midwest-limited-rhp_97222.html,,,listed,
orkla-india-2025,Orkla India Limited,both,rhp,2025-10-23,,https://www.sebi.gov.in/filings/public-issues/oct-2025/orkla-india-limited-rhp_97836.html,,,listed,
groww-2025,Billionbrains Garage Ventures Limited,both,rhp,2025-10-29,,https://www.sebi.gov.in/filings/public-issues/oct-2025/billionbrains-garage-ventures-limited-rhp_97661.html,,,listed,
lenskart-2025,Lenskart Solutions Limited,both,rhp,2025-10-30,,https://www.sebi.gov.in/filings/public-issues/oct-2025/lenskart-solutions-limited-rhp_97530.html,,,listed,
pine-labs-2025,Pine Labs Ltd,both,rhp,2025-11-03,,https://www.sebi.gov.in/filings/public-issues/nov-2025/pine-labs-ltd-rhp_97584.html,,,listed,
emmvee-photovoltaic-power-2025,Emmvee Photovoltaic Power Limited,both,rhp,2025-11-05,,https://www.sebi.gov.in/filings/public-issues/nov-2025/emmvee-photovoltaic-power-limited-rhp_97701.html,,,listed,
physicswallah-2025,Physicswallah Limited,both,rhp,2025-11-07,,https://www.sebi.gov.in/filings/public-issues/nov-2025/physicswallah-limited-rhp_97665.html,,,listed,
fujiyama-power-systems-2025,Fujiyama Power Systems Limited,both,rhp,2025-11-08,,https://www.sebi.gov.in/filings/public-issues/nov-2025/fujiyama-power-systems-limited-rhp_98100.html,,,listed,
excelsoft-technologies-2025,Excelsoft Technologies Limited,both,rhp,2025-11-11,,https://www.sebi.gov.in/filings/public-issues/nov-2025/excelsoft-technologies-limited-rhp_94797.html,,,listed,
capillary-technologies-india-2025,Capillary Technologies India Limited,both,rhp,2025-11-12,,https://www.sebi.gov.in/filings/public-issues/nov-2025/capillary-technologies-india-limited-rhp_99850.html,,,listed,
studds-accessories-2025,Studds Accessories Limited,both,prospectus,2025-11-12,,https://www.sebi.gov.in/filings/public-issues/nov-2025/studds-accessories-limited-prospectus_97728.html,,,listed,
sudeep-pharma-2025,Sudeep Pharma Limited,both,rhp,2025-11-18,,https://www.sebi.gov.in/filings/public-issues/nov-2025/sudeep-pharma-limited-rhp_97800.html,,,listed,
aequs-2025,Aequs Limited,both,rhp,2025-11-27,,https://www.sebi.gov.in/filings/public-issues/nov-2025/aequs-limited-rhp_97972.html,,,listed,
meesho-2025,Meesho Limited,both,rhp,2025-11-28,,https://www.sebi.gov.in/filings/public-issues/nov-2025/meesho-limited-rhp_98013.html,,,listed,
vidya-wires-2025,Vidya Wires Limited,both,rhp,2025-11-28,,https://www.sebi.gov.in/filings/public-issues/nov-2025/vidya-wires-limited-rhp_98101.html,,,listed,
corona-remedies-2025,CORONA Remedies Limited,both,rhp,2025-12-03,,https://www.sebi.gov.in/filings/public-issues/dec-2025/corona-remedies-limited-rhp_98132.html,,,listed,
nephrocare-health-services-2025,Nephrocare Health Services Limited,both,rhp,2025-12-03,,https://www.sebi.gov.in/filings/public-issues/dec-2025/nephrocare-health-services-limited-rhp_98134.html,,,listed,
wakefit-innovations-2025,Wakefit Innovations Limited,both,rhp,2025-12-03,,https://www.sebi.gov.in/filings/public-issues/dec-2025/wakefit-innovations-limited-rhp_98126.html,,,listed,
park-medi-world-2025,PARK MEDI WORLD LIMITED,both,rhp,2025-12-05,,https://www.sebi.gov.in/filings/public-issues/dec-2025/park-medi-world-limited_98190.html,,,listed,
icici-prudential-asset-management-company-2025,ICICI Prudential Asset Management Company Limited,both,rhp,2025-12-08,,https://www.sebi.gov.in/filings/public-issues/dec-2025/icici-prudential-asset-management-company-limited-rhp_98228.html,,,listed,
ksh-international-2025,KSH INTERNATIONAL LIMITED,both,rhp,2025-12-10,,https://www.sebi.gov.in/filings/public-issues/dec-2025/ksh-international-limited_98375.html,,,listed,
amagi-media-labs-2026,Amagi Media Labs Limited,both,rhp,2026-01-07,,https://www.sebi.gov.in/filings/public-issues/jan-2026/amagi-media-labs-limited_100074.html,,,listed,
bharat-coking-coal-2026,Bharat Coking Coal Limited,both,rhp,2026-01-09,,https://www.sebi.gov.in/filings/public-issues/jan-2026/bharat-coking-coal-limited_98851.html,,,listed,
shadowfax-technologies-2026,Shadowfax Technologies Limited,both,rhp,2026-01-13,,https://www.sebi.gov.in/filings/public-issues/jan-2026/shadowfax-technologies-limited-rhp_99123.html,,,listed,
fractal-analytics-2026,Fractal Analytics LTD,both,rhp,2026-02-02,,https://www.sebi.gov.in/filings/public-issues/feb-2026/fractal-analytics-ltd-rhp_99598.html,,,listed,
aye-finance-2026,Aye Finance Limited,both,rhp,2026-02-04,,https://www.sebi.gov.in/filings/public-issues/feb-2026/aye-finance-limited-rhp_99484.html,,,listed,
pngs-reva-diamond-jewellery-2026,PNGS Reva Diamond Jewellery Limited,both,rhp,2026-02-10,,https://www.sebi.gov.in/filings/public-issues/feb-2026/pngs-reva-diamond-jewellery-limited-rhp_99676.html,,,listed,
shree-ram-twistex-2026,Shree Ram Twistex Limited,both,rhp,2026-02-13,,https://www.sebi.gov.in/filings/public-issues/feb-2026/shree-ram-twistex-limited-rhp_99765.html,,,listed,
clean-max-enviro-energy-solutions-2026,Clean Max Enviro Energy Solutions Limited,both,rhp,2026-02-16,,https://www.sebi.gov.in/filings/public-issues/feb-2026/clean-max-enviro-energy-solutions-limited-rhp_99785.html,,,listed,
omnitech-engineering-2026,Omnitech Engineering Limited,both,rhp,2026-02-18,,https://www.sebi.gov.in/filings/public-issues/feb-2026/omnitech-engineering-limited-rhp_99941.html,,,listed,
sedemac-mechatronics-2026,SEDEMAC MECHATRONICS LIMITED,both,rhp,2026-02-25,,https://www.sebi.gov.in/filings/public-issues/feb-2026/sedemac-mechatronics-limited-rhp_100355.html,,,listed,
rajputana-stainless-2026,Rajputana Stainless Limited,both,rhp,2026-03-02,,https://www.sebi.gov.in/filings/public-issues/mar-2026/rajputana-stainless-limited-rhp_100081.html,,,listed,
innovision-2026,Innovision Limited,both,rhp,2026-03-04,,https://www.sebi.gov.in/filings/public-issues/mar-2026/innovision-limited-rhp_100105.html,,,listed,
gsp-crop-science-2026,GSP Crop Science Limited,both,rhp,2026-03-11,,https://www.sebi.gov.in/filings/public-issues/mar-2026/gsp-crop-science-limited-rhp_100229.html,,,listed,
central-mine-planning-design-institute-2026,Central Mine Planning & Design Institute Limited,both,rhp,2026-03-12,,https://www.sebi.gov.in/filings/public-issues/mar-2026/central-mine-planning-and-design-institute-limited-rhp_100326.html,,,listed,
powerica-2026,Powerica Limited,both,rhp,2026-03-17,,https://www.sebi.gov.in/filings/public-issues/mar-2026/powerica-limited-rhp_100434.html,,,listed,
sai-parenteral-s-2026,Sai Parenteral’s Limited,both,rhp,2026-03-17,,https://www.sebi.gov.in/filings/public-issues/mar-2026/sai-parenteral-s-limited-rhp_100427.html,,,listed,
amir-chand-jagdish-kumar-exports-2026,Amir Chand Jagdish Kumar Exports Limited,both,prospectus,2026-04-01,,https://www.sebi.gov.in/filings/public-issues/apr-2026/amir-chand-jagdish-kumar-exports-limited-prospectus_100674.html,,,listed,
om-power-transmission-2026,Om Power Transmission Limited,both,rhp,2026-04-06,,https://www.sebi.gov.in/filings/public-issues/apr-2026/om-power-transmission-limited-rhp_100792.html,,,listed,
onemi-technology-solutions-2026,OnEMI Technology Solutions Limited,both,rhp,2026-04-27,,https://www.sebi.gov.in/filings/public-issues/apr-2026/onemi-technology-solutions-limited-rhp_102191.html,,,listed,
aureate-tradde-2026,Aureate Tradde Limited,both,prospectus,2026-05-25,,https://www.sebi.gov.in/filings/public-issues/may-2026/aureate-tradde-limited-prospectus_101602.html,,,listed,
vegorama-punjabi-angithi-2026,Vegorama Punjabi Angithi Limited,both,prospectus,2026-05-25,,https://www.sebi.gov.in/filings/public-issues/may-2026/vegorama-punjabi-angithi-limited-prospectus_101679.html,,,listed,
hexagon-nutrition-2026,Hexagon Nutrition Limited,both,rhp,2026-06-04,,https://www.sebi.gov.in/filings/public-issues/jun-2026/hexagon-nutrition-limited-rhp_101824.html,,,listed,
advit-jewels-2026,Advit Jewels Limited,both,rhp,2026-06-11,,https://www.sebi.gov.in/filings/public-issues/jun-2026/advit-jewels-limited-rhp_102061.html,,,listed,
turtlemint-fintech-solutions-2026,Turtlemint Fintech Solutions Limited,both,rhp,2026-06-15,,https://www.sebi.gov.in/filings/public-issues/jun-2026/turtlemint-fintech-solutions-limited-rhp_102389.html,,,listed,
csm-technologies-2026,CSM Technologies Limited,both,rhp,2026-06-17,,https://www.sebi.gov.in/filings/public-issues/jun-2026/csm-technologies-limited-rhp_102194.html,,,listed,
aastha-spintex-2026,Aastha Spintex Limited,both,rhp,2026-06-19,,https://www.sebi.gov.in/filings/public-issues/jun-2026/aastha-spintex-limited-rhp_102246.html,,,listed,
waterways-leisure-tourism-2026,Waterways Leisure Tourism Limited,both,rhp,2026-06-19,,https://www.sebi.gov.in/filings/public-issues/jun-2026/waterways-leisure-tourism-limited-rhp_102226.html,,,listed,
knack-packaging-2026,KNACK PACKAGING LIMITED,both,rhp,2026-06-24,,https://www.sebi.gov.in/filings/public-issues/jun-2026/knack-packaging-limited-rhp_102348.html,,,listed,
kusumgar-2026,KUSUMGAR LIMITED,both,rhp,2026-07-02,,https://www.sebi.gov.in/filings/public-issues/jul-2026/kusumgar-limited-rhp_102510.html,,,listed,
sbi-funds-management-2026,SBI FUNDS MANAGEMENT LIMITED,both,rhp,2026-07-08,,https://www.sebi.gov.in/filings/public-issues/jul-2026/sbi-funds-management-limited-rhp_102746.html,,,listed,
alpine-texworld-2026,ALPINE TEXWORLD LIMITED,both,rhp,2026-07-09,,https://www.sebi.gov.in/filings/public-issues/jul-2026/alpine-texworld-limited-rhp_102719.html,,,listed,
laser-power-and-infra-2026,Laser Power and Infra Limited,both,rhp,2026-07-10,,https://www.sebi.gov.in/filings/public-issues/jul-2026/laser-power-and-infra-limited-rhp_102750.html,,,listed,
caliber-mining-and-logistics-2026,CALIBER MINING AND LOGISTICS LIMITED,both,rhp,2026-07-14,,https://www.sebi.gov.in/filings/public-issues/jul-2026/caliber-mining-and-logistics-limited-rhp_102790.html,,,listed,
indo-mim-2026,Indo-MIM Limited,both,rhp,2026-07-17,,https://www.sebi.gov.in/filings/public-issues/jul-2026/indo-mim-limited-rhp_102938.html,,,listed,
lohia-corp-2026,Lohia Corp Limited,both,rhp,2026-07-17,,https://www.sebi.gov.in/filings/public-issues/jul-2026/lohia-corp-limited-rhp_102936.html,,,listed,
xtranet-technologies-2026,Xtranet Technologies Limited,both,rhp,2026-07-20,,https://www.sebi.gov.in/filings/public-issues/jul-2026/xtranet-technologies-limited-rhp_102940.html,,,listed,
manipal-health-enterprises-2026,Manipal Health Enterprises Limited,both,rhp,2026-07-24,,https://www.sebi.gov.in/filings/public-issues/jul-2026/manipal-health-enterprises-limited-rhp_103034.html,,,listed,
mv-electrosystems-2026,MV Electrosystems Limited,both,rhp,2026-07-24,,https://www.sebi.gov.in/filings/public-issues/jul-2026/mv-electrosystems-limited-rhp_103053.html,,,listed,
ardee-industries-2026,Ardee Industries Limited,both,rhp,2026-07-28,,https://www.sebi.gov.in/filings/public-issues/jul-2026/ardee-industries-limited-rhp_103086.html,,,listed,
juniper-green-energy-2026,Juniper Green Energy Limited,both,rhp,2026-07-28,,https://www.sebi.gov.in/filings/public-issues/jul-2026/juniper-green-energy-limited-rhp_103074.html,,,listed,
propshop-events-and-exhibitions-2026,Propshop Events and Exhibitions Limited,both,prospectus,2026-07-30,,https://www.sebi.gov.in/filings/public-issues/jul-2026/propshop-events-and-exhibitions-limited-prospectus_103111.html,,,listed,
technocraft-ventures-2026,Technocraft Ventures Limited,both,rhp,2026-07-31,,https://www.sebi.gov.in/filings/public-issues/jul-2026/technocraft-ventures-limited-rhp_103278.html,,,listed,
h-r-hygiene-products-2026,H.R. Hygiene Products Limited,both,prospectus,2026-08-01,,https://www.sebi.gov.in/filings/public-issues/aug-2026/h-r-hygiene-products-limited_103341.html,,,listed,
leap-india-2026,LEAP India Limited,both,rhp,2026-08-03,,https://www.sebi.gov.in/filings/public-issues/aug-2026/leap-india-limited-rhp_103182.html,,,listed,
dhoot-transmission-2026,Dhoot Transmission Limited,both,rhp,2026-08-04,,https://www.sebi.gov.in/filings/public-issues/aug-2026/dhoot-transmission-limited-rhp_103333.html,,,listed,
milky-mist-dairy-food-2026,Milky Mist Dairy Food Limited,both,rhp,2026-08-04,,https://www.sebi.gov.in/filings/public-issues/aug-2026/milky-mist-dairy-food-limited-rhp_104353.html,,,listed,
molbio-diagnostics-2026,Molbio Diagnostics Limited,both,rhp,2026-08-07,,https://www.sebi.gov.in/filings/public-issues/aug-2026/molbio-diagnostics-limited-red-herring-prospectus_103428.html,,,listed,
shiprocket-2026,SHIPROCKET LIMITED,both,rhp,2026-08-07,,https://www.sebi.gov.in/filings/public-issues/aug-2026/shiprocket-limited-rhp_103432.html,,,listed,
behari-lal-engineering-2026,Behari Lal Engineering Limited,both,rhp,2026-08-12,,https://www.sebi.gov.in/filings/public-issues/aug-2026/behari-lal-engineering-limited-rhp_103498.html,,,listed,
lalithaa-jewellery-mart-2026,Lalithaa Jewellery Mart Limited,both,rhp,2026-08-12,,https://www.sebi.gov.in/filings/public-issues/aug-2026/lalithaa-jewellery-mart-limited-rhp_103513.html,,,listed,
skyways-air-services-2026,Skyways Air Services limited,both,rhp,2026-08-12,,https://www.sebi.gov.in/filings/public-issues/aug-2026/skyways-air-services-limited-rhp_103523.html,,,listed,
sunshine-pictures-2026,Sunshine Pictures Limited,both,rhp,2026-08-12,,https://www.sebi.gov.in/filings/public-issues/aug-2026/sunshine-pictures-limited-rhp_103495.html,,,listed,
augmont-enterprises-2026,AUGMONT ENTERPRISES LIMITED,both,rhp,2026-08-18,,https://www.sebi.gov.in/filings/public-issues/aug-2026/augmont-enterprises-limited-rhp_103716.html,,,listed,
gaja-alternative-asset-management-2026,Gaja Alternative Asset Management Limited,both,rhp,2026-08-18,,https://www.sebi.gov.in/filings/public-issues/aug-2026/gaja-alternative-asset-management-limited-rhp_103733.html,,,listed,
hy-tech-engineers-2026,HY-TECH ENGINEERS LIMITED,both,rhp,2026-08-18,,https://www.sebi.gov.in/filings/public-issues/aug-2026/hy-tech-engineers-limited-rhp_103844.html,,,listed,
annu-projects-2026,Annu Projects Ltd.,both,rhp,2026-08-19,,https://www.sebi.gov.in/filings/public-issues/aug-2026/annu-projects-ltd-rhp_103758.html,,,listed,
symbiotec-pharmalab-2026,SYMBIOTEC PHARMALAB LIMITED,both,rhp,2026-08-19,,https://www.sebi.gov.in/filings/public-issues/aug-2026/symbiotec-pharmalab-limited-rhp_103750.html,,,listed,
rays-of-belief-2026,Rays of Belief Limited,both,rhp,2026-08-20,,https://www.sebi.gov.in/filings/public-issues/aug-2026/rays-of-belief-limited-rhp_103782.html,,,listed,
lumino-industries-2026,LUMINO INDUSTRIES LIMITED,both,rhp,2026-08-21,,https://www.sebi.gov.in/filings/public-issues/aug-2026/lumino-industries-limited-rhp_103845.html,,,listed,
priority-jewels-2026,Priority Jewels Limited,both,rhp,2026-08-24,,https://www.sebi.gov.in/filings/public-issues/aug-2026/priority-jewels-limited-rhp_103896.html,,,listed,
purple-style-labs-2026,Purple Style Labs Limited,both,rhp,2026-08-24,,https://www.sebi.gov.in/filings/public-issues/aug-2026/purple-style-labs-limited-rhp_104665.html,,,listed,
speciality-medicines-2026,SPECIALITY MEDICINES LIMITED,both,prospectus,2026-08-24,,https://www.sebi.gov.in/filings/public-issues/aug-2026/speciality-medicines-limited-prospectus_103897.html,,,listed,
deepa-jewellers-2026,Deepa Jewellers Limited,both,rhp,2026-08-25,,https://www.sebi.gov.in/filings/public-issues/aug-2026/deepa-jewellers-limited-rhp_104030.html,,,listed,
esds-software-solution-2026,ESDS Software Solution Limited,both,rhp,2026-08-25,,https://www.sebi.gov.in/filings/public-issues/aug-2026/esds-software-solution-limited-rhp_103893.html,,,listed,
veegaland-developers-2026,Veegaland Developers Ltd.,both,rhp,2026-08-31,,https://www.sebi.gov.in/filings/public-issues/aug-2026/veegaland-developers-ltd-rhp_104160.html,,,listed,
pranav-constructions-2026,PRANAV CONSTRUCTIONS LIMITED,both,rhp,2026-09-01,,https://www.sebi.gov.in/filings/public-issues/sep-2026/pranav-constructions-limited-rhp_104168.html,,,listed,
asset-reconstruction-company-india-2026,ASSET RECONSTRUCTION COMPANY (INDIA) Limited,both,rhp,2026-09-02,,https://www.sebi.gov.in/filings/public-issues/sep-2026/asset-reconstruction-company-india-limited-rhp_104202.html,,,listed,
glass-wall-systems-india-2026,GLASS WALL SYSTEMS (INDIA) LIMITED,both,rhp,2026-09-03,,https://www.sebi.gov.in/filings/public-issues/sep-2026/glass-wall-systems-india-limited-rhp_104226.html,,,listed,
kanohar-electricals-2026,KANOHAR ELECTRICALS LIMITED,both,rhp,2026-09-03,,https://www.sebi.gov.in/filings/public-issues/sep-2026/kanohar-electricals-limited-rhp_104224.html,,,listed,
karamtara-engineering-2026,Karamtara Engineering Limited,both,rhp,2026-09-03,,https://www.sebi.gov.in/filings/public-issues/sep-2026/karamtara-engineering-limited-rhp_103407.html,,,listed,
prasol-chemicals-2026,PRASOL CHEMICALS LIMITED,both,rhp,2026-09-03,,https://www.sebi.gov.in/filings/public-issues/sep-2026/prasol-chemicals-limited-rhp_104222.html,,,listed,
vinod-texworld-2026,Vinod Texworld Limited,both,prospectus,2026-09-03,,https://www.sebi.gov.in/filings/public-issues/sep-2026/vinod-texworld-limited-prospectus_104299.html,,,listed,
lcc-projects-2026,LCC PROJECTS LIMITED,both,rhp,2026-09-04,,https://www.sebi.gov.in/filings/public-issues/sep-2026/lcc-projects-limited-rhp_104283.html,,,listed,
manipal-payment-and-identity-solutions-2026,Manipal Payment and Identity Solutions Limited,both,rhp,2026-09-04,,https://www.sebi.gov.in/filings/public-issues/sep-2026/manipal-payment-and-identity-solutions-limited-rhp_104270.html,,,listed,
rentomojo-2026,Rentomojo Limited,both,rhp,2026-09-04,,https://www.sebi.gov.in/filings/public-issues/sep-2026/rentomojo-limited-rhp_104269.html,,,listed,
steamhouse-india-2026,Steamhouse India Limited,both,rhp,2026-09-04,,https://www.sebi.gov.in/filings/public-issues/sep-2026/steamhouse-india-limited-rhp_104262.html,,,listed,
manika-plastech-2026,Manika Plastech Limited,both,rhp,2026-09-07,,https://www.sebi.gov.in/filings/public-issues/sep-2026/manika-plastech-limited-rhp_104296.html,,,listed,
jindal-supreme-india-2026,Jindal Supreme (India) Limited,both,rhp,2026-09-08,,https://www.sebi.gov.in/filings/public-issues/sep-2026/jindal-supreme-india-limited-rhp_104328.html,,,listed,
tempsens-instruments-india-2026,Tempsens Instruments (India) Limited,both,rhp,2026-09-08,,https://www.sebi.gov.in/filings/public-issues/sep-2026/tempsens-instruments-india-limited-rhp_104326.html,,,listed,
sonaselection-india-2026,SONASELECTION INDIA LIMITED,both,rhp,2026-09-09,,https://www.sebi.gov.in/filings/public-issues/sep-2026/sonaselection-india-limited-rhp_104393.html,,,listed,
ss-retail-2026,SS RETAIL LIMITED,both,rhp,2026-09-09,,https://www.sebi.gov.in/filings/public-issues/sep-2026/ss-retail-limited-rhp_104355.html,,,listed,
hero-motors-2026,HERO MOTORS LIMITED,both,rhp,2026-09-10,,https://www.sebi.gov.in/filings/public-issues/sep-2026/hero-motors-limited-rhp_104395.html,,,listed,
national-stock-exchange-of-india-2026,NATIONAL STOCK EXCHANGE OF INDIA LIMITED,both,rhp,2026-09-11,,https://www.sebi.gov.in/filings/public-issues/sep-2026/national-stock-exchange-of-india-limited-rhp_104428.html,,,listed,
armee-infotech-2026,ArMee Infotech Limited,both,rhp,2026-09-16,,https://www.sebi.gov.in/filings/public-issues/sep-2026/armee-infotech-limited-rhp_104661.html,,,listed,
varmora-granito-2026,Varmora Granito Limited,both,rhp,2026-09-16,,https://www.sebi.gov.in/filings/public-issues/sep-2026/varmora-granito-limited-rhp_104681.html,,,listed,
swastika-infra-2026,Swastika Infra Ltd.,both,rhp,2026-09-17,,https://www.sebi.gov.in/filings/public-issues/sep-2026/swastika-infra-ltd-rhp_104573.html,,,listed,
acevector-2026,Acevector Limited,both,rhp,2026-09-21,,https://www.sebi.gov.in/filings/public-issues/sep-2026/acevector-limited-rhp_104628.html,,,listed,
adroit-industries-2026,Adroit Industries Limited,both,rhp,2026-09-21,,https://www.sebi.gov.in/filings/public-issues/sep-2026/adroit-industries-limited-rhp_104607.html,,,listed,
german-green-steel-and-power-2026,German Green Steel and Power Ltd.,both,rhp,2026-09-21,,https://www.sebi.gov.in/filings/public-issues/sep-2026/german-green-steel-and-power-ltd-rhp_104626.html,,,listed,
moneyview-2026,Moneyview Limited,both,rhp,2026-09-21,,https://www.sebi.gov.in/filings/public-issues/sep-2026/moneyview-limited-rhp_104597.html,,,listed,
orient-cables-india-2026,Orient Cables (India) Limited,both,rhp,2026-09-21,,https://www.sebi.gov.in/filings/public-issues/sep-2026/orient-cables-india-limited-rhp_104663.html,,,listed,
a-one-steel-2026,A One Steel Limited,both,rhp,2026-09-22,,https://www.sebi.gov.in/filings/public-issues/sep-2026/a-one-steel-limited_104624.html,,,listed,
amtech-esters-2026,Amtech Esters Limited,both,prospectus,2026-09-22,,https://www.sebi.gov.in/filings/public-issues/sep-2026/amtech-esters-limited-prospectus_104640.html,,,listed,
shah-investor-s-home-2026,Shah Investor's Home Limited,both,rhp,2026-09-23,,https://www.sebi.gov.in/filings/public-issues/sep-2026/shah-investor-s-home-limited-rhp_104660.html,,,listed,
srit-india-2026,SRIT India Limited,both,rhp,2026-09-23,,https://www.sebi.gov.in/filings/public-issues/sep-2026/srit-india-limited-rhp_104744.html,,,listed,
runwal-enterprises-2026,Runwal Enterprises Limited,both,rhp,2026-09-24,,https://www.sebi.gov.in/filings/public-issues/sep-2026/runwal-enterprises-limited-rhp_104683.html,,,listed,
nityas-gems-and-jewellery-india-2026,Nityas Gems and Jewellery India Limited,both,rhp,2026-09-25,,https://www.sebi.gov.in/filings/public-issues/sep-2026/nityas-gems-and-jewellery-india-limited-rhp_105033.html,,,listed,
